bag_file,topic,group
carbonZ_2018-07-18-12-10-11.bag,/diagnostics,system
carbonZ_2018-07-18-12-10-11.bag,/mavctrl/path_dev,control
carbonZ_2018-07-18-12-10-11.bag,/mavctrl/rpy,control
carbonZ_2018-07-18-12-10-11.bag,/mavlink/from,system
carbonZ_2018-07-18-12-10-11.bag,/mavros/battery,energy
carbonZ_2018-07-18-12-10-11.bag,/mavros/global_position/compass_hdg,navigation
carbonZ_2018-07-18-12-10-11.bag,/mavros/global_position/global,navigation
carbonZ_2018-07-18-12-10-11.bag,/mavros/global_position/local,navigation
carbonZ_2018-07-18-12-10-11.bag,/mavros/global_position/raw/fix,navigation
carbonZ_2018-07-18-12-10-11.bag,/mavros/global_position/raw/gps_vel,navigation
carbonZ_2018-07-18-12-10-11.bag,/mavros/global_position/rel_alt,navigation
carbonZ_2018-07-18-12-10-11.bag,/mavros/home_position/home,navigation
carbonZ_2018-07-18-12-10-11.bag,/mavros/imu/atm_pressure,flight_state
carbonZ_2018-07-18-12-10-11.bag,/mavros/imu/data,flight_state
carbonZ_2018-07-18-12-10-11.bag,/mavros/imu/data_raw,flight_state
carbonZ_2018-07-18-12-10-11.bag,/mavros/imu/mag,flight_state
carbonZ_2018-07-18-12-10-11.bag,/mavros/imu/temperature,flight_state
carbonZ_2018-07-18-12-10-11.bag,/mavros/local_position/odom,flight_state
carbonZ_2018-07-18-12-10-11.bag,/mavros/local_position/pose,flight_state
carbonZ_2018-07-18-12-10-11.bag,/mavros/local_position/velocity,flight_state
carbonZ_2018-07-18-12-10-11.bag,/mavros/mission/reached,system
carbonZ_2018-07-18-12-10-11.bag,/mavros/mission/waypoints,system
carbonZ_2018-07-18-12-10-11.bag,/mavros/nav_info/airspeed,flight_state
carbonZ_2018-07-18-12-10-11.bag,/mavros/nav_info/errors,unknown
carbonZ_2018-07-18-12-10-11.bag,/mavros/nav_info/pitch,flight_state
carbonZ_2018-07-18-12-10-11.bag,/mavros/nav_info/roll,flight_state
carbonZ_2018-07-18-12-10-11.bag,/mavros/nav_info/velocity,flight_state
carbonZ_2018-07-18-12-10-11.bag,/mavros/nav_info/yaw,flight_state
carbonZ_2018-07-18-12-10-11.bag,/mavros/rc/in,control
carbonZ_2018-07-18-12-10-11.bag,/mavros/rc/out,control
carbonZ_2018-07-18-12-10-11.bag,/mavros/setpoint_raw/local,control
carbonZ_2018-07-18-12-10-11.bag,/mavros/setpoint_raw/target_global,control
carbonZ_2018-07-18-12-10-11.bag,/mavros/state,system
carbonZ_2018-07-18-12-10-11.bag,/mavros/time_reference,system
carbonZ_2018-07-18-12-10-11.bag,/mavros/vfr_hud,energy
carbonZ_2018-07-18-12-10-11.bag,/mavros/wind_estimation,flight_state
carbonZ_2018-07-18-12-10-11.bag,/rosout,system
carbonZ_2018-07-18-12-10-11.bag,/rosout_agg,system
carbonZ_2018-07-18-12-10-11.bag,/tf_static,system
carbonZ_2018-07-18-15-53-31.bag,/diagnostics,system
carbonZ_2018-07-18-15-53-31.bag,/failure_status/engines,label
carbonZ_2018-07-18-15-53-31.bag,/mavctrl/path_dev,control
carbonZ_2018-07-18-15-53-31.bag,/mavctrl/rpy,control
carbonZ_2018-07-18-15-53-31.bag,/mavlink/from,system
carbonZ_2018-07-18-15-53-31.bag,/mavros/battery,energy
carbonZ_2018-07-18-15-53-31.bag,/mavros/global_position/compass_hdg,navigation
carbonZ_2018-07-18-15-53-31.bag,/mavros/global_position/global,navigation
carbonZ_2018-07-18-15-53-31.bag,/mavros/global_position/local,navigation
carbonZ_2018-07-18-15-53-31.bag,/mavros/global_position/raw/fix,navigation
carbonZ_2018-07-18-15-53-31.bag,/mavros/global_position/raw/gps_vel,navigation
carbonZ_2018-07-18-15-53-31.bag,/mavros/global_position/rel_alt,navigation
carbonZ_2018-07-18-15-53-31.bag,/mavros/home_position/home,navigation
carbonZ_2018-07-18-15-53-31.bag,/mavros/imu/atm_pressure,flight_state
carbonZ_2018-07-18-15-53-31.bag,/mavros/imu/data,flight_state
carbonZ_2018-07-18-15-53-31.bag,/mavros/imu/data_raw,flight_state
carbonZ_2018-07-18-15-53-31.bag,/mavros/imu/mag,flight_state
carbonZ_2018-07-18-15-53-31.bag,/mavros/imu/temperature,flight_state
carbonZ_2018-07-18-15-53-31.bag,/mavros/local_position/odom,flight_state
carbonZ_2018-07-18-15-53-31.bag,/mavros/local_position/pose,flight_state
carbonZ_2018-07-18-15-53-31.bag,/mavros/local_position/velocity,flight_state
carbonZ_2018-07-18-15-53-31.bag,/mavros/mission/reached,system
carbonZ_2018-07-18-15-53-31.bag,/mavros/mission/waypoints,system
carbonZ_2018-07-18-15-53-31.bag,/mavros/nav_info/airspeed,flight_state
carbonZ_2018-07-18-15-53-31.bag,/mavros/nav_info/errors,unknown
carbonZ_2018-07-18-15-53-31.bag,/mavros/nav_info/pitch,flight_state
carbonZ_2018-07-18-15-53-31.bag,/mavros/nav_info/roll,flight_state
carbonZ_2018-07-18-15-53-31.bag,/mavros/nav_info/velocity,flight_state
carbonZ_2018-07-18-15-53-31.bag,/mavros/nav_info/yaw,flight_state
carbonZ_2018-07-18-15-53-31.bag,/mavros/rc/in,control
carbonZ_2018-07-18-15-53-31.bag,/mavros/rc/out,control
carbonZ_2018-07-18-15-53-31.bag,/mavros/setpoint_raw/local,control
carbonZ_2018-07-18-15-53-31.bag,/mavros/setpoint_raw/target_global,control
carbonZ_2018-07-18-15-53-31.bag,/mavros/state,system
carbonZ_2018-07-18-15-53-31.bag,/mavros/time_reference,system
carbonZ_2018-07-18-15-53-31.bag,/mavros/vfr_hud,energy
carbonZ_2018-07-18-15-53-31.bag,/mavros/wind_estimation,flight_state
carbonZ_2018-07-18-15-53-31.bag,/rosout,system
carbonZ_2018-07-18-15-53-31.bag,/rosout_agg,system
carbonZ_2018-07-18-15-53-31.bag,/sysid/airspeed/data,flight_state
carbonZ_2018-07-18-15-53-31.bag,/sysid/airspeed/fault,flight_state
carbonZ_2018-07-18-15-53-31.bag,/sysid/pitch/data,flight_state
carbonZ_2018-07-18-15-53-31.bag,/sysid/pitch/fault,flight_state
carbonZ_2018-07-18-15-53-31.bag,/sysid/roll/data,flight_state
carbonZ_2018-07-18-15-53-31.bag,/sysid/roll/fault,flight_state
carbonZ_2018-07-18-15-53-31.bag,/tf_static,system
carbonZ_2018-07-18-16-22-01.bag,/diagnostics,system
carbonZ_2018-07-18-16-22-01.bag,/emergency_responder/traj_file,system
carbonZ_2018-07-18-16-22-01.bag,/failure_status/engines,label
carbonZ_2018-07-18-16-22-01.bag,/mavctrl/path_dev,control
carbonZ_2018-07-18-16-22-01.bag,/mavctrl/rpy,control
carbonZ_2018-07-18-16-22-01.bag,/mavlink/from,system
carbonZ_2018-07-18-16-22-01.bag,/mavros/battery,energy
carbonZ_2018-07-18-16-22-01.bag,/mavros/global_position/compass_hdg,navigation
carbonZ_2018-07-18-16-22-01.bag,/mavros/global_position/global,navigation
carbonZ_2018-07-18-16-22-01.bag,/mavros/global_position/local,navigation
carbonZ_2018-07-18-16-22-01.bag,/mavros/global_position/raw/fix,navigation
carbonZ_2018-07-18-16-22-01.bag,/mavros/global_position/raw/gps_vel,navigation
carbonZ_2018-07-18-16-22-01.bag,/mavros/global_position/rel_alt,navigation
carbonZ_2018-07-18-16-22-01.bag,/mavros/home_position/home,navigation
carbonZ_2018-07-18-16-22-01.bag,/mavros/imu/atm_pressure,flight_state
carbonZ_2018-07-18-16-22-01.bag,/mavros/imu/data,flight_state
carbonZ_2018-07-18-16-22-01.bag,/mavros/imu/data_raw,flight_state
carbonZ_2018-07-18-16-22-01.bag,/mavros/imu/mag,flight_state
carbonZ_2018-07-18-16-22-01.bag,/mavros/imu/temperature,flight_state
carbonZ_2018-07-18-16-22-01.bag,/mavros/local_position/odom,flight_state
carbonZ_2018-07-18-16-22-01.bag,/mavros/local_position/pose,flight_state
carbonZ_2018-07-18-16-22-01.bag,/mavros/local_position/velocity,flight_state
carbonZ_2018-07-18-16-22-01.bag,/mavros/mission/reached,system
carbonZ_2018-07-18-16-22-01.bag,/mavros/mission/waypoints,system
carbonZ_2018-07-18-16-22-01.bag,/mavros/nav_info/airspeed,flight_state
carbonZ_2018-07-18-16-22-01.bag,/mavros/nav_info/errors,unknown
carbonZ_2018-07-18-16-22-01.bag,/mavros/nav_info/pitch,flight_state
carbonZ_2018-07-18-16-22-01.bag,/mavros/nav_info/roll,flight_state
carbonZ_2018-07-18-16-22-01.bag,/mavros/nav_info/velocity,flight_state
carbonZ_2018-07-18-16-22-01.bag,/mavros/nav_info/yaw,flight_state
carbonZ_2018-07-18-16-22-01.bag,/mavros/rc/in,control
carbonZ_2018-07-18-16-22-01.bag,/mavros/rc/out,control
carbonZ_2018-07-18-16-22-01.bag,/mavros/setpoint_raw/local,control
carbonZ_2018-07-18-16-22-01.bag,/mavros/setpoint_raw/target_global,control
carbonZ_2018-07-18-16-22-01.bag,/mavros/state,system
carbonZ_2018-07-18-16-22-01.bag,/mavros/time_reference,system
carbonZ_2018-07-18-16-22-01.bag,/mavros/vfr_hud,energy
carbonZ_2018-07-18-16-22-01.bag,/mavros/wind_estimation,flight_state
carbonZ_2018-07-18-16-22-01.bag,/rosout,system
carbonZ_2018-07-18-16-22-01.bag,/rosout_agg,system
carbonZ_2018-07-18-16-22-01.bag,/sysid/airspeed/data,flight_state
carbonZ_2018-07-18-16-22-01.bag,/sysid/pitch/data,flight_state
carbonZ_2018-07-18-16-22-01.bag,/sysid/roll/data,flight_state
carbonZ_2018-07-18-16-22-01.bag,/tf_static,system
carbonZ_2018-07-18-16-37-39.bag,/diagnostics,system
carbonZ_2018-07-18-16-37-39.bag,/emergency_responder/traj_file,system
carbonZ_2018-07-18-16-37-39.bag,/failure_status/engines,label
carbonZ_2018-07-18-16-37-39.bag,/mavctrl/path_dev,control
carbonZ_2018-07-18-16-37-39.bag,/mavctrl/rpy,control
carbonZ_2018-07-18-16-37-39.bag,/mavlink/from,system
carbonZ_2018-07-18-16-37-39.bag,/mavros/battery,energy
carbonZ_2018-07-18-16-37-39.bag,/mavros/global_position/compass_hdg,navigation
carbonZ_2018-07-18-16-37-39.bag,/mavros/global_position/global,navigation
carbonZ_2018-07-18-16-37-39.bag,/mavros/global_position/local,navigation
carbonZ_2018-07-18-16-37-39.bag,/mavros/global_position/raw/fix,navigation
carbonZ_2018-07-18-16-37-39.bag,/mavros/global_position/raw/gps_vel,navigation
carbonZ_2018-07-18-16-37-39.bag,/mavros/global_position/rel_alt,navigation
carbonZ_2018-07-18-16-37-39.bag,/mavros/home_position/home,navigation
carbonZ_2018-07-18-16-37-39.bag,/mavros/imu/atm_pressure,flight_state
carbonZ_2018-07-18-16-37-39.bag,/mavros/imu/data,flight_state
carbonZ_2018-07-18-16-37-39.bag,/mavros/imu/data_raw,flight_state
carbonZ_2018-07-18-16-37-39.bag,/mavros/imu/mag,flight_state
carbonZ_2018-07-18-16-37-39.bag,/mavros/imu/temperature,flight_state
carbonZ_2018-07-18-16-37-39.bag,/mavros/local_position/odom,flight_state
carbonZ_2018-07-18-16-37-39.bag,/mavros/local_position/pose,flight_state
carbonZ_2018-07-18-16-37-39.bag,/mavros/local_position/velocity,flight_state
carbonZ_2018-07-18-16-37-39.bag,/mavros/mission/reached,system
carbonZ_2018-07-18-16-37-39.bag,/mavros/mission/waypoints,system
carbonZ_2018-07-18-16-37-39.bag,/mavros/nav_info/airspeed,flight_state
carbonZ_2018-07-18-16-37-39.bag,/mavros/nav_info/errors,unknown
carbonZ_2018-07-18-16-37-39.bag,/mavros/nav_info/pitch,flight_state
carbonZ_2018-07-18-16-37-39.bag,/mavros/nav_info/roll,flight_state
carbonZ_2018-07-18-16-37-39.bag,/mavros/nav_info/velocity,flight_state
carbonZ_2018-07-18-16-37-39.bag,/mavros/nav_info/yaw,flight_state
carbonZ_2018-07-18-16-37-39.bag,/mavros/rc/in,control
carbonZ_2018-07-18-16-37-39.bag,/mavros/rc/out,control
carbonZ_2018-07-18-16-37-39.bag,/mavros/setpoint_raw/local,control
carbonZ_2018-07-18-16-37-39.bag,/mavros/setpoint_raw/target_global,control
carbonZ_2018-07-18-16-37-39.bag,/mavros/state,system
carbonZ_2018-07-18-16-37-39.bag,/mavros/time_reference,system
carbonZ_2018-07-18-16-37-39.bag,/mavros/vfr_hud,energy
carbonZ_2018-07-18-16-37-39.bag,/mavros/wind_estimation,flight_state
carbonZ_2018-07-18-16-37-39.bag,/rosout,system
carbonZ_2018-07-18-16-37-39.bag,/rosout_agg,system
carbonZ_2018-07-18-16-37-39.bag,/sysid/airspeed/data,flight_state
carbonZ_2018-07-18-16-37-39.bag,/sysid/airspeed/fault,flight_state
carbonZ_2018-07-18-16-37-39.bag,/sysid/pitch/data,flight_state
carbonZ_2018-07-18-16-37-39.bag,/sysid/roll/data,flight_state
carbonZ_2018-07-18-16-37-39.bag,/sysid/roll/fault,flight_state
carbonZ_2018-07-18-16-37-39.bag,/tf_static,system
carbonZ_2018-07-30-16-28-00.bag,/diagnostics,system
carbonZ_2018-07-30-16-28-00.bag,/emergency_responder/traj_file,system
carbonZ_2018-07-30-16-28-00.bag,/failure_status/engines,label
carbonZ_2018-07-30-16-28-00.bag,/mavctrl/path_dev,control
carbonZ_2018-07-30-16-28-00.bag,/mavctrl/rpy,control
carbonZ_2018-07-30-16-28-00.bag,/mavlink/from,system
carbonZ_2018-07-30-16-28-00.bag,/mavros/battery,energy
carbonZ_2018-07-30-16-28-00.bag,/mavros/global_position/compass_hdg,navigation
carbonZ_2018-07-30-16-28-00.bag,/mavros/global_position/global,navigation
carbonZ_2018-07-30-16-28-00.bag,/mavros/global_position/gp_origin,navigation
carbonZ_2018-07-30-16-28-00.bag,/mavros/global_position/local,navigation
carbonZ_2018-07-30-16-28-00.bag,/mavros/global_position/raw/fix,navigation
carbonZ_2018-07-30-16-28-00.bag,/mavros/global_position/raw/gps_vel,navigation
carbonZ_2018-07-30-16-28-00.bag,/mavros/global_position/rel_alt,navigation
carbonZ_2018-07-30-16-28-00.bag,/mavros/home_position/home,navigation
carbonZ_2018-07-30-16-28-00.bag,/mavros/imu/atm_pressure,flight_state
carbonZ_2018-07-30-16-28-00.bag,/mavros/imu/data,flight_state
carbonZ_2018-07-30-16-28-00.bag,/mavros/imu/data_raw,flight_state
carbonZ_2018-07-30-16-28-00.bag,/mavros/imu/mag,flight_state
carbonZ_2018-07-30-16-28-00.bag,/mavros/imu/temperature,flight_state
carbonZ_2018-07-30-16-28-00.bag,/mavros/local_position/odom,flight_state
carbonZ_2018-07-30-16-28-00.bag,/mavros/local_position/pose,flight_state
carbonZ_2018-07-30-16-28-00.bag,/mavros/local_position/velocity,flight_state
carbonZ_2018-07-30-16-28-00.bag,/mavros/mission/reached,system
carbonZ_2018-07-30-16-28-00.bag,/mavros/mission/waypoints,system
carbonZ_2018-07-30-16-28-00.bag,/mavros/nav_info/airspeed,flight_state
carbonZ_2018-07-30-16-28-00.bag,/mavros/nav_info/errors,unknown
carbonZ_2018-07-30-16-28-00.bag,/mavros/nav_info/pitch,flight_state
carbonZ_2018-07-30-16-28-00.bag,/mavros/nav_info/roll,flight_state
carbonZ_2018-07-30-16-28-00.bag,/mavros/nav_info/velocity,flight_state
carbonZ_2018-07-30-16-28-00.bag,/mavros/nav_info/yaw,flight_state
carbonZ_2018-07-30-16-28-00.bag,/mavros/rc/in,control
carbonZ_2018-07-30-16-28-00.bag,/mavros/rc/out,control
carbonZ_2018-07-30-16-28-00.bag,/mavros/setpoint_raw/local,control
carbonZ_2018-07-30-16-28-00.bag,/mavros/setpoint_raw/target_global,control
carbonZ_2018-07-30-16-28-00.bag,/mavros/state,system
carbonZ_2018-07-30-16-28-00.bag,/mavros/time_reference,system
carbonZ_2018-07-30-16-28-00.bag,/mavros/vfr_hud,energy
carbonZ_2018-07-30-16-28-00.bag,/mavros/wind_estimation,flight_state
carbonZ_2018-07-30-16-28-00.bag,/rosout,system
carbonZ_2018-07-30-16-28-00.bag,/rosout_agg,system
carbonZ_2018-07-30-16-28-00.bag,/sysid/airspeed/data,flight_state
carbonZ_2018-07-30-16-28-00.bag,/sysid/pitch/data,flight_state
carbonZ_2018-07-30-16-28-00.bag,/sysid/roll/data,flight_state
carbonZ_2018-07-30-16-28-00.bag,/tf_static,system
carbonZ_2018-07-30-16-29-45.bag,/diagnostics,system
carbonZ_2018-07-30-16-29-45.bag,/emergency_responder/traj_file,system
carbonZ_2018-07-30-16-29-45.bag,/failure_status/engines,label
carbonZ_2018-07-30-16-29-45.bag,/mavctrl/path_dev,control
carbonZ_2018-07-30-16-29-45.bag,/mavctrl/rpy,control
carbonZ_2018-07-30-16-29-45.bag,/mavlink/from,system
carbonZ_2018-07-30-16-29-45.bag,/mavros/battery,energy
carbonZ_2018-07-30-16-29-45.bag,/mavros/global_position/compass_hdg,navigation
carbonZ_2018-07-30-16-29-45.bag,/mavros/global_position/global,navigation
carbonZ_2018-07-30-16-29-45.bag,/mavros/global_position/local,navigation
carbonZ_2018-07-30-16-29-45.bag,/mavros/global_position/raw/fix,navigation
carbonZ_2018-07-30-16-29-45.bag,/mavros/global_position/raw/gps_vel,navigation
carbonZ_2018-07-30-16-29-45.bag,/mavros/global_position/rel_alt,navigation
carbonZ_2018-07-30-16-29-45.bag,/mavros/home_position/home,navigation
carbonZ_2018-07-30-16-29-45.bag,/mavros/imu/atm_pressure,flight_state
carbonZ_2018-07-30-16-29-45.bag,/mavros/imu/data,flight_state
carbonZ_2018-07-30-16-29-45.bag,/mavros/imu/data_raw,flight_state
carbonZ_2018-07-30-16-29-45.bag,/mavros/imu/mag,flight_state
carbonZ_2018-07-30-16-29-45.bag,/mavros/imu/temperature,flight_state
carbonZ_2018-07-30-16-29-45.bag,/mavros/local_position/odom,flight_state
carbonZ_2018-07-30-16-29-45.bag,/mavros/local_position/pose,flight_state
carbonZ_2018-07-30-16-29-45.bag,/mavros/local_position/velocity,flight_state
carbonZ_2018-07-30-16-29-45.bag,/mavros/mission/reached,system
carbonZ_2018-07-30-16-29-45.bag,/mavros/mission/waypoints,system
carbonZ_2018-07-30-16-29-45.bag,/mavros/nav_info/airspeed,flight_state
carbonZ_2018-07-30-16-29-45.bag,/mavros/nav_info/errors,unknown
carbonZ_2018-07-30-16-29-45.bag,/mavros/nav_info/pitch,flight_state
carbonZ_2018-07-30-16-29-45.bag,/mavros/nav_info/roll,flight_state
carbonZ_2018-07-30-16-29-45.bag,/mavros/nav_info/velocity,flight_state
carbonZ_2018-07-30-16-29-45.bag,/mavros/nav_info/yaw,flight_state
carbonZ_2018-07-30-16-29-45.bag,/mavros/rc/in,control
carbonZ_2018-07-30-16-29-45.bag,/mavros/rc/out,control
carbonZ_2018-07-30-16-29-45.bag,/mavros/setpoint_raw/local,control
carbonZ_2018-07-30-16-29-45.bag,/mavros/setpoint_raw/target_global,control
carbonZ_2018-07-30-16-29-45.bag,/mavros/state,system
carbonZ_2018-07-30-16-29-45.bag,/mavros/time_reference,system
carbonZ_2018-07-30-16-29-45.bag,/mavros/vfr_hud,energy
carbonZ_2018-07-30-16-29-45.bag,/mavros/wind_estimation,flight_state
carbonZ_2018-07-30-16-29-45.bag,/rosout,system
carbonZ_2018-07-30-16-29-45.bag,/rosout_agg,system
carbonZ_2018-07-30-16-29-45.bag,/sysid/airspeed/data,flight_state
carbonZ_2018-07-30-16-29-45.bag,/sysid/pitch/data,flight_state
carbonZ_2018-07-30-16-29-45.bag,/sysid/roll/data,flight_state
carbonZ_2018-07-30-16-29-45.bag,/tf_static,system
carbonZ_2018-07-30-16-39-00.bag,/diagnostics,system
carbonZ_2018-07-30-16-39-00.bag,/failure_status/engines,label
carbonZ_2018-07-30-16-39-00.bag,/mavctrl/path_dev,control
carbonZ_2018-07-30-16-39-00.bag,/mavctrl/rpy,control
carbonZ_2018-07-30-16-39-00.bag,/mavlink/from,system
carbonZ_2018-07-30-16-39-00.bag,/mavros/battery,energy
carbonZ_2018-07-30-16-39-00.bag,/mavros/global_position/compass_hdg,navigation
carbonZ_2018-07-30-16-39-00.bag,/mavros/global_position/global,navigation
carbonZ_2018-07-30-16-39-00.bag,/mavros/global_position/local,navigation
carbonZ_2018-07-30-16-39-00.bag,/mavros/global_position/raw/fix,navigation
carbonZ_2018-07-30-16-39-00.bag,/mavros/global_position/raw/gps_vel,navigation
carbonZ_2018-07-30-16-39-00.bag,/mavros/global_position/rel_alt,navigation
carbonZ_2018-07-30-16-39-00.bag,/mavros/home_position/home,navigation
carbonZ_2018-07-30-16-39-00.bag,/mavros/imu/atm_pressure,flight_state
carbonZ_2018-07-30-16-39-00.bag,/mavros/imu/data,flight_state
carbonZ_2018-07-30-16-39-00.bag,/mavros/imu/data_raw,flight_state
carbonZ_2018-07-30-16-39-00.bag,/mavros/imu/mag,flight_state
carbonZ_2018-07-30-16-39-00.bag,/mavros/imu/temperature,flight_state
carbonZ_2018-07-30-16-39-00.bag,/mavros/local_position/odom,flight_state
carbonZ_2018-07-30-16-39-00.bag,/mavros/local_position/pose,flight_state
carbonZ_2018-07-30-16-39-00.bag,/mavros/local_position/velocity,flight_state
carbonZ_2018-07-30-16-39-00.bag,/mavros/mission/reached,system
carbonZ_2018-07-30-16-39-00.bag,/mavros/mission/waypoints,system
carbonZ_2018-07-30-16-39-00.bag,/mavros/nav_info/airspeed,flight_state
carbonZ_2018-07-30-16-39-00.bag,/mavros/nav_info/errors,unknown
carbonZ_2018-07-30-16-39-00.bag,/mavros/nav_info/pitch,flight_state
carbonZ_2018-07-30-16-39-00.bag,/mavros/nav_info/roll,flight_state
carbonZ_2018-07-30-16-39-00.bag,/mavros/nav_info/velocity,flight_state
carbonZ_2018-07-30-16-39-00.bag,/mavros/nav_info/yaw,flight_state
carbonZ_2018-07-30-16-39-00.bag,/mavros/rc/in,control
carbonZ_2018-07-30-16-39-00.bag,/mavros/rc/out,control
carbonZ_2018-07-30-16-39-00.bag,/mavros/setpoint_raw/local,control
carbonZ_2018-07-30-16-39-00.bag,/mavros/setpoint_raw/target_global,control
carbonZ_2018-07-30-16-39-00.bag,/mavros/state,system
carbonZ_2018-07-30-16-39-00.bag,/mavros/time_reference,system
carbonZ_2018-07-30-16-39-00.bag,/mavros/vfr_hud,energy
carbonZ_2018-07-30-16-39-00.bag,/mavros/wind_estimation,flight_state
carbonZ_2018-07-30-16-39-00.bag,/rosout,system
carbonZ_2018-07-30-16-39-00.bag,/rosout_agg,system
carbonZ_2018-07-30-16-39-00.bag,/sysid/airspeed/data,flight_state
carbonZ_2018-07-30-16-39-00.bag,/sysid/airspeed/fault,flight_state
carbonZ_2018-07-30-16-39-00.bag,/sysid/pitch/data,flight_state
carbonZ_2018-07-30-16-39-00.bag,/sysid/pitch/fault,flight_state
carbonZ_2018-07-30-16-39-00.bag,/sysid/roll/data,flight_state
carbonZ_2018-07-30-16-39-00.bag,/tf_static,system
carbonZ_2018-07-30-17-02-48.bag,/diagnostics,system
carbonZ_2018-07-30-17-02-48.bag,/failure_status/engines,label
carbonZ_2018-07-30-17-02-48.bag,/mavctrl/path_dev,control
carbonZ_2018-07-30-17-02-48.bag,/mavctrl/rpy,control
carbonZ_2018-07-30-17-02-48.bag,/mavlink/from,system
carbonZ_2018-07-30-17-02-48.bag,/mavros/battery,energy
carbonZ_2018-07-30-17-02-48.bag,/mavros/global_position/compass_hdg,navigation
carbonZ_2018-07-30-17-02-48.bag,/mavros/global_position/global,navigation
carbonZ_2018-07-30-17-02-48.bag,/mavros/global_position/local,navigation
carbonZ_2018-07-30-17-02-48.bag,/mavros/global_position/raw/fix,navigation
carbonZ_2018-07-30-17-02-48.bag,/mavros/global_position/raw/gps_vel,navigation
carbonZ_2018-07-30-17-02-48.bag,/mavros/global_position/rel_alt,navigation
carbonZ_2018-07-30-17-02-48.bag,/mavros/home_position/home,navigation
carbonZ_2018-07-30-17-02-48.bag,/mavros/imu/atm_pressure,flight_state
carbonZ_2018-07-30-17-02-48.bag,/mavros/imu/data,flight_state
carbonZ_2018-07-30-17-02-48.bag,/mavros/imu/data_raw,flight_state
carbonZ_2018-07-30-17-02-48.bag,/mavros/imu/mag,flight_state
carbonZ_2018-07-30-17-02-48.bag,/mavros/imu/temperature,flight_state
carbonZ_2018-07-30-17-02-48.bag,/mavros/local_position/odom,flight_state
carbonZ_2018-07-30-17-02-48.bag,/mavros/local_position/pose,flight_state
carbonZ_2018-07-30-17-02-48.bag,/mavros/local_position/velocity,flight_state
carbonZ_2018-07-30-17-02-48.bag,/mavros/mission/reached,system
carbonZ_2018-07-30-17-02-48.bag,/mavros/mission/waypoints,system
carbonZ_2018-07-30-17-02-48.bag,/mavros/nav_info/airspeed,flight_state
carbonZ_2018-07-30-17-02-48.bag,/mavros/nav_info/errors,unknown
carbonZ_2018-07-30-17-02-48.bag,/mavros/nav_info/pitch,flight_state
carbonZ_2018-07-30-17-02-48.bag,/mavros/nav_info/roll,flight_state
carbonZ_2018-07-30-17-02-48.bag,/mavros/nav_info/velocity,flight_state
carbonZ_2018-07-30-17-02-48.bag,/mavros/nav_info/yaw,flight_state
carbonZ_2018-07-30-17-02-48.bag,/mavros/rc/in,control
carbonZ_2018-07-30-17-02-48.bag,/mavros/rc/out,control
carbonZ_2018-07-30-17-02-48.bag,/mavros/setpoint_raw/local,control
carbonZ_2018-07-30-17-02-48.bag,/mavros/setpoint_raw/target_global,control
carbonZ_2018-07-30-17-02-48.bag,/mavros/state,system
carbonZ_2018-07-30-17-02-48.bag,/mavros/time_reference,system
carbonZ_2018-07-30-17-02-48.bag,/mavros/vfr_hud,energy
carbonZ_2018-07-30-17-02-48.bag,/mavros/wind_estimation,flight_state
carbonZ_2018-07-30-17-02-48.bag,/rosout,system
carbonZ_2018-07-30-17-02-48.bag,/rosout_agg,system
carbonZ_2018-07-30-17-02-48.bag,/sysid/airspeed/data,flight_state
carbonZ_2018-07-30-17-02-48.bag,/sysid/pitch/data,flight_state
carbonZ_2018-07-30-17-02-48.bag,/sysid/roll/data,flight_state
carbonZ_2018-07-30-17-02-48.bag,/sysid/roll/fault,flight_state
carbonZ_2018-07-30-17-02-48.bag,/tf_static,system
carbonZ_2018-07-30-17-10-45.bag,/diagnostics,system
carbonZ_2018-07-30-17-10-45.bag,/emergency_responder/traj_file,system
carbonZ_2018-07-30-17-10-45.bag,/failure_status/engines,label
carbonZ_2018-07-30-17-10-45.bag,/mavctrl/path_dev,control
carbonZ_2018-07-30-17-10-45.bag,/mavctrl/rpy,control
carbonZ_2018-07-30-17-10-45.bag,/mavlink/from,system
carbonZ_2018-07-30-17-10-45.bag,/mavros/battery,energy
carbonZ_2018-07-30-17-10-45.bag,/mavros/global_position/compass_hdg,navigation
carbonZ_2018-07-30-17-10-45.bag,/mavros/global_position/global,navigation
carbonZ_2018-07-30-17-10-45.bag,/mavros/global_position/local,navigation
carbonZ_2018-07-30-17-10-45.bag,/mavros/global_position/raw/fix,navigation
carbonZ_2018-07-30-17-10-45.bag,/mavros/global_position/raw/gps_vel,navigation
carbonZ_2018-07-30-17-10-45.bag,/mavros/global_position/rel_alt,navigation
carbonZ_2018-07-30-17-10-45.bag,/mavros/home_position/home,navigation
carbonZ_2018-07-30-17-10-45.bag,/mavros/imu/atm_pressure,flight_state
carbonZ_2018-07-30-17-10-45.bag,/mavros/imu/data,flight_state
carbonZ_2018-07-30-17-10-45.bag,/mavros/imu/data_raw,flight_state
carbonZ_2018-07-30-17-10-45.bag,/mavros/imu/mag,flight_state
carbonZ_2018-07-30-17-10-45.bag,/mavros/imu/temperature,flight_state
carbonZ_2018-07-30-17-10-45.bag,/mavros/local_position/odom,flight_state
carbonZ_2018-07-30-17-10-45.bag,/mavros/local_position/pose,flight_state
carbonZ_2018-07-30-17-10-45.bag,/mavros/local_position/velocity,flight_state
carbonZ_2018-07-30-17-10-45.bag,/mavros/mission/reached,system
carbonZ_2018-07-30-17-10-45.bag,/mavros/mission/waypoints,system
carbonZ_2018-07-30-17-10-45.bag,/mavros/nav_info/airspeed,flight_state
carbonZ_2018-07-30-17-10-45.bag,/mavros/nav_info/errors,unknown
carbonZ_2018-07-30-17-10-45.bag,/mavros/nav_info/pitch,flight_state
carbonZ_2018-07-30-17-10-45.bag,/mavros/nav_info/roll,flight_state
carbonZ_2018-07-30-17-10-45.bag,/mavros/nav_info/velocity,flight_state
carbonZ_2018-07-30-17-10-45.bag,/mavros/nav_info/yaw,flight_state
carbonZ_2018-07-30-17-10-45.bag,/mavros/rc/in,control
carbonZ_2018-07-30-17-10-45.bag,/mavros/rc/out,control
carbonZ_2018-07-30-17-10-45.bag,/mavros/setpoint_raw/local,control
carbonZ_2018-07-30-17-10-45.bag,/mavros/setpoint_raw/target_global,control
carbonZ_2018-07-30-17-10-45.bag,/mavros/state,system
carbonZ_2018-07-30-17-10-45.bag,/mavros/time_reference,system
carbonZ_2018-07-30-17-10-45.bag,/mavros/vfr_hud,energy
carbonZ_2018-07-30-17-10-45.bag,/mavros/wind_estimation,flight_state
carbonZ_2018-07-30-17-10-45.bag,/rosout,system
carbonZ_2018-07-30-17-10-45.bag,/rosout_agg,system
carbonZ_2018-07-30-17-10-45.bag,/sysid/airspeed/data,flight_state
carbonZ_2018-07-30-17-10-45.bag,/sysid/airspeed/fault,flight_state
carbonZ_2018-07-30-17-10-45.bag,/sysid/pitch/data,flight_state
carbonZ_2018-07-30-17-10-45.bag,/sysid/pitch/fault,flight_state
carbonZ_2018-07-30-17-10-45.bag,/sysid/roll/data,flight_state
carbonZ_2018-07-30-17-10-45.bag,/sysid/roll/fault,flight_state
carbonZ_2018-07-30-17-10-45.bag,/tf_static,system
carbonZ_2018-07-30-17-20-01.bag,/diagnostics,system
carbonZ_2018-07-30-17-20-01.bag,/emergency_responder/traj_file,system
carbonZ_2018-07-30-17-20-01.bag,/failure_status/engines,label
carbonZ_2018-07-30-17-20-01.bag,/mavctrl/path_dev,control
carbonZ_2018-07-30-17-20-01.bag,/mavctrl/rpy,control
carbonZ_2018-07-30-17-20-01.bag,/mavlink/from,system
carbonZ_2018-07-30-17-20-01.bag,/mavros/battery,energy
carbonZ_2018-07-30-17-20-01.bag,/mavros/global_position/compass_hdg,navigation
carbonZ_2018-07-30-17-20-01.bag,/mavros/global_position/global,navigation
carbonZ_2018-07-30-17-20-01.bag,/mavros/global_position/local,navigation
carbonZ_2018-07-30-17-20-01.bag,/mavros/global_position/raw/fix,navigation
carbonZ_2018-07-30-17-20-01.bag,/mavros/global_position/raw/gps_vel,navigation
carbonZ_2018-07-30-17-20-01.bag,/mavros/global_position/rel_alt,navigation
carbonZ_2018-07-30-17-20-01.bag,/mavros/home_position/home,navigation
carbonZ_2018-07-30-17-20-01.bag,/mavros/imu/atm_pressure,flight_state
carbonZ_2018-07-30-17-20-01.bag,/mavros/imu/data,flight_state
carbonZ_2018-07-30-17-20-01.bag,/mavros/imu/data_raw,flight_state
carbonZ_2018-07-30-17-20-01.bag,/mavros/imu/mag,flight_state
carbonZ_2018-07-30-17-20-01.bag,/mavros/imu/temperature,flight_state
carbonZ_2018-07-30-17-20-01.bag,/mavros/local_position/odom,flight_state
carbonZ_2018-07-30-17-20-01.bag,/mavros/local_position/pose,flight_state
carbonZ_2018-07-30-17-20-01.bag,/mavros/local_position/velocity,flight_state
carbonZ_2018-07-30-17-20-01.bag,/mavros/mission/reached,system
carbonZ_2018-07-30-17-20-01.bag,/mavros/mission/waypoints,system
carbonZ_2018-07-30-17-20-01.bag,/mavros/nav_info/airspeed,flight_state
carbonZ_2018-07-30-17-20-01.bag,/mavros/nav_info/errors,unknown
carbonZ_2018-07-30-17-20-01.bag,/mavros/nav_info/pitch,flight_state
carbonZ_2018-07-30-17-20-01.bag,/mavros/nav_info/roll,flight_state
carbonZ_2018-07-30-17-20-01.bag,/mavros/nav_info/velocity,flight_state
carbonZ_2018-07-30-17-20-01.bag,/mavros/nav_info/yaw,flight_state
carbonZ_2018-07-30-17-20-01.bag,/mavros/rc/in,control
carbonZ_2018-07-30-17-20-01.bag,/mavros/rc/out,control
carbonZ_2018-07-30-17-20-01.bag,/mavros/setpoint_raw/local,control
carbonZ_2018-07-30-17-20-01.bag,/mavros/setpoint_raw/target_global,control
carbonZ_2018-07-30-17-20-01.bag,/mavros/state,system
carbonZ_2018-07-30-17-20-01.bag,/mavros/time_reference,system
carbonZ_2018-07-30-17-20-01.bag,/mavros/vfr_hud,energy
carbonZ_2018-07-30-17-20-01.bag,/mavros/wind_estimation,flight_state
carbonZ_2018-07-30-17-20-01.bag,/rosout,system
carbonZ_2018-07-30-17-20-01.bag,/rosout_agg,system
carbonZ_2018-07-30-17-20-01.bag,/sysid/airspeed/data,flight_state
carbonZ_2018-07-30-17-20-01.bag,/sysid/pitch/data,flight_state
carbonZ_2018-07-30-17-20-01.bag,/sysid/pitch/fault,flight_state
carbonZ_2018-07-30-17-20-01.bag,/sysid/roll/data,flight_state
carbonZ_2018-07-30-17-20-01.bag,/tf_static,system
carbonZ_2018-07-30-17-36-35.bag,/diagnostics,system
carbonZ_2018-07-30-17-36-35.bag,/emergency_responder/traj_file,system
carbonZ_2018-07-30-17-36-35.bag,/failure_status/engines,label
carbonZ_2018-07-30-17-36-35.bag,/mavctrl/path_dev,control
carbonZ_2018-07-30-17-36-35.bag,/mavctrl/rpy,control
carbonZ_2018-07-30-17-36-35.bag,/mavlink/from,system
carbonZ_2018-07-30-17-36-35.bag,/mavros/battery,energy
carbonZ_2018-07-30-17-36-35.bag,/mavros/global_position/compass_hdg,navigation
carbonZ_2018-07-30-17-36-35.bag,/mavros/global_position/global,navigation
carbonZ_2018-07-30-17-36-35.bag,/mavros/global_position/local,navigation
carbonZ_2018-07-30-17-36-35.bag,/mavros/global_position/raw/fix,navigation
carbonZ_2018-07-30-17-36-35.bag,/mavros/global_position/raw/gps_vel,navigation
carbonZ_2018-07-30-17-36-35.bag,/mavros/global_position/rel_alt,navigation
carbonZ_2018-07-30-17-36-35.bag,/mavros/home_position/home,navigation
carbonZ_2018-07-30-17-36-35.bag,/mavros/imu/atm_pressure,flight_state
carbonZ_2018-07-30-17-36-35.bag,/mavros/imu/data,flight_state
carbonZ_2018-07-30-17-36-35.bag,/mavros/imu/data_raw,flight_state
carbonZ_2018-07-30-17-36-35.bag,/mavros/imu/mag,flight_state
carbonZ_2018-07-30-17-36-35.bag,/mavros/imu/temperature,flight_state
carbonZ_2018-07-30-17-36-35.bag,/mavros/local_position/odom,flight_state
carbonZ_2018-07-30-17-36-35.bag,/mavros/local_position/pose,flight_state
carbonZ_2018-07-30-17-36-35.bag,/mavros/local_position/velocity,flight_state
carbonZ_2018-07-30-17-36-35.bag,/mavros/mission/reached,system
carbonZ_2018-07-30-17-36-35.bag,/mavros/mission/waypoints,system
carbonZ_2018-07-30-17-36-35.bag,/mavros/nav_info/airspeed,flight_state
carbonZ_2018-07-30-17-36-35.bag,/mavros/nav_info/errors,unknown
carbonZ_2018-07-30-17-36-35.bag,/mavros/nav_info/pitch,flight_state
carbonZ_2018-07-30-17-36-35.bag,/mavros/nav_info/roll,flight_state
carbonZ_2018-07-30-17-36-35.bag,/mavros/nav_info/velocity,flight_state
carbonZ_2018-07-30-17-36-35.bag,/mavros/nav_info/yaw,flight_state
carbonZ_2018-07-30-17-36-35.bag,/mavros/rc/in,control
carbonZ_2018-07-30-17-36-35.bag,/mavros/rc/out,control
carbonZ_2018-07-30-17-36-35.bag,/mavros/setpoint_raw/local,control
carbonZ_2018-07-30-17-36-35.bag,/mavros/setpoint_raw/target_global,control
carbonZ_2018-07-30-17-36-35.bag,/mavros/state,system
carbonZ_2018-07-30-17-36-35.bag,/mavros/time_reference,system
carbonZ_2018-07-30-17-36-35.bag,/mavros/vfr_hud,energy
carbonZ_2018-07-30-17-36-35.bag,/mavros/wind_estimation,flight_state
carbonZ_2018-07-30-17-36-35.bag,/rosout,system
carbonZ_2018-07-30-17-36-35.bag,/rosout_agg,system
carbonZ_2018-07-30-17-36-35.bag,/sysid/airspeed/data,flight_state
carbonZ_2018-07-30-17-36-35.bag,/sysid/pitch/data,flight_state
carbonZ_2018-07-30-17-36-35.bag,/sysid/roll/data,flight_state
carbonZ_2018-07-30-17-36-35.bag,/tf_static,system
carbonZ_2018-07-30-17-46-31.bag,/diagnostics,system
carbonZ_2018-07-30-17-46-31.bag,/emergency_responder/traj_file,system
carbonZ_2018-07-30-17-46-31.bag,/failure_status/engines,label
carbonZ_2018-07-30-17-46-31.bag,/mavctrl/path_dev,control
carbonZ_2018-07-30-17-46-31.bag,/mavctrl/rpy,control
carbonZ_2018-07-30-17-46-31.bag,/mavlink/from,system
carbonZ_2018-07-30-17-46-31.bag,/mavros/battery,energy
carbonZ_2018-07-30-17-46-31.bag,/mavros/global_position/compass_hdg,navigation
carbonZ_2018-07-30-17-46-31.bag,/mavros/global_position/global,navigation
carbonZ_2018-07-30-17-46-31.bag,/mavros/global_position/local,navigation
carbonZ_2018-07-30-17-46-31.bag,/mavros/global_position/raw/fix,navigation
carbonZ_2018-07-30-17-46-31.bag,/mavros/global_position/raw/gps_vel,navigation
carbonZ_2018-07-30-17-46-31.bag,/mavros/global_position/rel_alt,navigation
carbonZ_2018-07-30-17-46-31.bag,/mavros/home_position/home,navigation
carbonZ_2018-07-30-17-46-31.bag,/mavros/imu/atm_pressure,flight_state
carbonZ_2018-07-30-17-46-31.bag,/mavros/imu/data,flight_state
carbonZ_2018-07-30-17-46-31.bag,/mavros/imu/data_raw,flight_state
carbonZ_2018-07-30-17-46-31.bag,/mavros/imu/mag,flight_state
carbonZ_2018-07-30-17-46-31.bag,/mavros/imu/temperature,flight_state
carbonZ_2018-07-30-17-46-31.bag,/mavros/local_position/odom,flight_state
carbonZ_2018-07-30-17-46-31.bag,/mavros/local_position/pose,flight_state
carbonZ_2018-07-30-17-46-31.bag,/mavros/local_position/velocity,flight_state
carbonZ_2018-07-30-17-46-31.bag,/mavros/mission/reached,system
carbonZ_2018-07-30-17-46-31.bag,/mavros/mission/waypoints,system
carbonZ_2018-07-30-17-46-31.bag,/mavros/nav_info/airspeed,flight_state
carbonZ_2018-07-30-17-46-31.bag,/mavros/nav_info/errors,unknown
carbonZ_2018-07-30-17-46-31.bag,/mavros/nav_info/pitch,flight_state
carbonZ_2018-07-30-17-46-31.bag,/mavros/nav_info/roll,flight_state
carbonZ_2018-07-30-17-46-31.bag,/mavros/nav_info/velocity,flight_state
carbonZ_2018-07-30-17-46-31.bag,/mavros/nav_info/yaw,flight_state
carbonZ_2018-07-30-17-46-31.bag,/mavros/rc/in,control
carbonZ_2018-07-30-17-46-31.bag,/mavros/rc/out,control
carbonZ_2018-07-30-17-46-31.bag,/mavros/setpoint_raw/local,control
carbonZ_2018-07-30-17-46-31.bag,/mavros/setpoint_raw/target_global,control
carbonZ_2018-07-30-17-46-31.bag,/mavros/state,system
carbonZ_2018-07-30-17-46-31.bag,/mavros/time_reference,system
carbonZ_2018-07-30-17-46-31.bag,/mavros/vfr_hud,energy
carbonZ_2018-07-30-17-46-31.bag,/mavros/wind_estimation,flight_state
carbonZ_2018-07-30-17-46-31.bag,/rosout,system
carbonZ_2018-07-30-17-46-31.bag,/rosout_agg,system
carbonZ_2018-07-30-17-46-31.bag,/sysid/airspeed/data,flight_state
carbonZ_2018-07-30-17-46-31.bag,/sysid/pitch/data,flight_state
carbonZ_2018-07-30-17-46-31.bag,/sysid/roll/data,flight_state
carbonZ_2018-07-30-17-46-31.bag,/tf_static,system
carbonZ_2018-09-11-11-33-39.bag,/diagnostics,system
carbonZ_2018-09-11-11-33-39.bag,/failure_status/aileron,label
carbonZ_2018-09-11-11-33-39.bag,/failure_status/elevator,label
carbonZ_2018-09-11-11-33-39.bag,/failure_status/engine,label
carbonZ_2018-09-11-11-33-39.bag,/failure_status/rudder,label
carbonZ_2018-09-11-11-33-39.bag,/mavctrl/path_dev,control
carbonZ_2018-09-11-11-33-39.bag,/mavctrl/rpy,control
carbonZ_2018-09-11-11-33-39.bag,/mavlink/from,system
carbonZ_2018-09-11-11-33-39.bag,/mavros/battery,energy
carbonZ_2018-09-11-11-33-39.bag,/mavros/global_position/compass_hdg,navigation
carbonZ_2018-09-11-11-33-39.bag,/mavros/global_position/global,navigation
carbonZ_2018-09-11-11-33-39.bag,/mavros/global_position/local,navigation
carbonZ_2018-09-11-11-33-39.bag,/mavros/global_position/raw/fix,navigation
carbonZ_2018-09-11-11-33-39.bag,/mavros/global_position/raw/gps_vel,navigation
carbonZ_2018-09-11-11-33-39.bag,/mavros/global_position/rel_alt,navigation
carbonZ_2018-09-11-11-33-39.bag,/mavros/home_position/home,navigation
carbonZ_2018-09-11-11-33-39.bag,/mavros/imu/atm_pressure,flight_state
carbonZ_2018-09-11-11-33-39.bag,/mavros/imu/data,flight_state
carbonZ_2018-09-11-11-33-39.bag,/mavros/imu/data_raw,flight_state
carbonZ_2018-09-11-11-33-39.bag,/mavros/imu/mag,flight_state
carbonZ_2018-09-11-11-33-39.bag,/mavros/imu/temperature,flight_state
carbonZ_2018-09-11-11-33-39.bag,/mavros/local_position/odom,flight_state
carbonZ_2018-09-11-11-33-39.bag,/mavros/local_position/pose,flight_state
carbonZ_2018-09-11-11-33-39.bag,/mavros/local_position/velocity,flight_state
carbonZ_2018-09-11-11-33-39.bag,/mavros/mission/waypoints,system
carbonZ_2018-09-11-11-33-39.bag,/mavros/rc/in,control
carbonZ_2018-09-11-11-33-39.bag,/mavros/rc/out,control
carbonZ_2018-09-11-11-33-39.bag,/mavros/state,system
carbonZ_2018-09-11-11-33-39.bag,/mavros/time_reference,system
carbonZ_2018-09-11-11-33-39.bag,/mavros/vfr_hud,energy
carbonZ_2018-09-11-11-33-39.bag,/mavros/wind_estimation,flight_state
carbonZ_2018-09-11-11-33-39.bag,/rosout,system
carbonZ_2018-09-11-11-33-39.bag,/rosout_agg,system
carbonZ_2018-09-11-11-33-39.bag,/tf_static,system
carbonZ_2018-09-11-11-56-30.bag,/diagnostics,system
carbonZ_2018-09-11-11-56-30.bag,/failure_status/aileron,label
carbonZ_2018-09-11-11-56-30.bag,/failure_status/elevator,label
carbonZ_2018-09-11-11-56-30.bag,/failure_status/engines,label
carbonZ_2018-09-11-11-56-30.bag,/failure_status/rudder,label
carbonZ_2018-09-11-11-56-30.bag,/mavctrl/path_dev,control
carbonZ_2018-09-11-11-56-30.bag,/mavctrl/rpy,control
carbonZ_2018-09-11-11-56-30.bag,/mavlink/from,system
carbonZ_2018-09-11-11-56-30.bag,/mavros/battery,energy
carbonZ_2018-09-11-11-56-30.bag,/mavros/global_position/compass_hdg,navigation
carbonZ_2018-09-11-11-56-30.bag,/mavros/global_position/global,navigation
carbonZ_2018-09-11-11-56-30.bag,/mavros/global_position/local,navigation
carbonZ_2018-09-11-11-56-30.bag,/mavros/global_position/raw/fix,navigation
carbonZ_2018-09-11-11-56-30.bag,/mavros/global_position/raw/gps_vel,navigation
carbonZ_2018-09-11-11-56-30.bag,/mavros/global_position/rel_alt,navigation
carbonZ_2018-09-11-11-56-30.bag,/mavros/home_position/home,navigation
carbonZ_2018-09-11-11-56-30.bag,/mavros/imu/atm_pressure,flight_state
carbonZ_2018-09-11-11-56-30.bag,/mavros/imu/data,flight_state
carbonZ_2018-09-11-11-56-30.bag,/mavros/imu/data_raw,flight_state
carbonZ_2018-09-11-11-56-30.bag,/mavros/imu/mag,flight_state
carbonZ_2018-09-11-11-56-30.bag,/mavros/imu/temperature,flight_state
carbonZ_2018-09-11-11-56-30.bag,/mavros/local_position/odom,flight_state
carbonZ_2018-09-11-11-56-30.bag,/mavros/local_position/pose,flight_state
carbonZ_2018-09-11-11-56-30.bag,/mavros/local_position/velocity,flight_state
carbonZ_2018-09-11-11-56-30.bag,/mavros/mission/reached,system
carbonZ_2018-09-11-11-56-30.bag,/mavros/mission/waypoints,system
carbonZ_2018-09-11-11-56-30.bag,/mavros/nav_info/airspeed,flight_state
carbonZ_2018-09-11-11-56-30.bag,/mavros/nav_info/errors,unknown
carbonZ_2018-09-11-11-56-30.bag,/mavros/nav_info/pitch,flight_state
carbonZ_2018-09-11-11-56-30.bag,/mavros/nav_info/roll,flight_state
carbonZ_2018-09-11-11-56-30.bag,/mavros/nav_info/velocity,flight_state
carbonZ_2018-09-11-11-56-30.bag,/mavros/nav_info/yaw,flight_state
carbonZ_2018-09-11-11-56-30.bag,/mavros/rc/in,control
carbonZ_2018-09-11-11-56-30.bag,/mavros/rc/out,control
carbonZ_2018-09-11-11-56-30.bag,/mavros/setpoint_raw/local,control
carbonZ_2018-09-11-11-56-30.bag,/mavros/setpoint_raw/target_global,control
carbonZ_2018-09-11-11-56-30.bag,/mavros/state,system
carbonZ_2018-09-11-11-56-30.bag,/mavros/time_reference,system
carbonZ_2018-09-11-11-56-30.bag,/mavros/vfr_hud,energy
carbonZ_2018-09-11-11-56-30.bag,/mavros/wind_estimation,flight_state
carbonZ_2018-09-11-11-56-30.bag,/rosout,system
carbonZ_2018-09-11-11-56-30.bag,/rosout_agg,system
carbonZ_2018-09-11-11-56-30.bag,/sysid/airspeed/data,flight_state
carbonZ_2018-09-11-11-56-30.bag,/sysid/pitch/data,flight_state
carbonZ_2018-09-11-11-56-30.bag,/sysid/pitch/fault,flight_state
carbonZ_2018-09-11-11-56-30.bag,/sysid/roll/data,flight_state
carbonZ_2018-09-11-11-56-30.bag,/sysid/roll/fault,flight_state
carbonZ_2018-09-11-11-56-30.bag,/tf_static,system
carbonZ_2018-09-11-13-57-47.bag,/diagnostics,system
carbonZ_2018-09-11-13-57-47.bag,/failure_status/aileron,label
carbonZ_2018-09-11-13-57-47.bag,/failure_status/elevator,label
carbonZ_2018-09-11-13-57-47.bag,/failure_status/engines,label
carbonZ_2018-09-11-13-57-47.bag,/failure_status/rudder,label
carbonZ_2018-09-11-13-57-47.bag,/mavctrl/path_dev,control
carbonZ_2018-09-11-13-57-47.bag,/mavctrl/rpy,control
carbonZ_2018-09-11-13-57-47.bag,/mavlink/from,system
carbonZ_2018-09-11-13-57-47.bag,/mavros/battery,energy
carbonZ_2018-09-11-13-57-47.bag,/mavros/global_position/compass_hdg,navigation
carbonZ_2018-09-11-13-57-47.bag,/mavros/global_position/global,navigation
carbonZ_2018-09-11-13-57-47.bag,/mavros/global_position/local,navigation
carbonZ_2018-09-11-13-57-47.bag,/mavros/global_position/raw/fix,navigation
carbonZ_2018-09-11-13-57-47.bag,/mavros/global_position/raw/gps_vel,navigation
carbonZ_2018-09-11-13-57-47.bag,/mavros/global_position/rel_alt,navigation
carbonZ_2018-09-11-13-57-47.bag,/mavros/home_position/home,navigation
carbonZ_2018-09-11-13-57-47.bag,/mavros/imu/atm_pressure,flight_state
carbonZ_2018-09-11-13-57-47.bag,/mavros/imu/data,flight_state
carbonZ_2018-09-11-13-57-47.bag,/mavros/imu/data_raw,flight_state
carbonZ_2018-09-11-13-57-47.bag,/mavros/imu/mag,flight_state
carbonZ_2018-09-11-13-57-47.bag,/mavros/imu/temperature,flight_state
carbonZ_2018-09-11-13-57-47.bag,/mavros/local_position/odom,flight_state
carbonZ_2018-09-11-13-57-47.bag,/mavros/local_position/pose,flight_state
carbonZ_2018-09-11-13-57-47.bag,/mavros/local_position/velocity,flight_state
carbonZ_2018-09-11-13-57-47.bag,/mavros/mission/reached,system
carbonZ_2018-09-11-13-57-47.bag,/mavros/mission/waypoints,system
carbonZ_2018-09-11-13-57-47.bag,/mavros/nav_info/airspeed,flight_state
carbonZ_2018-09-11-13-57-47.bag,/mavros/nav_info/errors,unknown
carbonZ_2018-09-11-13-57-47.bag,/mavros/nav_info/pitch,flight_state
carbonZ_2018-09-11-13-57-47.bag,/mavros/nav_info/roll,flight_state
carbonZ_2018-09-11-13-57-47.bag,/mavros/nav_info/velocity,flight_state
carbonZ_2018-09-11-13-57-47.bag,/mavros/nav_info/yaw,flight_state
carbonZ_2018-09-11-13-57-47.bag,/mavros/rc/in,control
carbonZ_2018-09-11-13-57-47.bag,/mavros/rc/out,control
carbonZ_2018-09-11-13-57-47.bag,/mavros/setpoint_raw/local,control
carbonZ_2018-09-11-13-57-47.bag,/mavros/setpoint_raw/target_global,control
carbonZ_2018-09-11-13-57-47.bag,/mavros/state,system
carbonZ_2018-09-11-13-57-47.bag,/mavros/time_reference,system
carbonZ_2018-09-11-13-57-47.bag,/mavros/vfr_hud,energy
carbonZ_2018-09-11-13-57-47.bag,/mavros/wind_estimation,flight_state
carbonZ_2018-09-11-13-57-47.bag,/rosout,system
carbonZ_2018-09-11-13-57-47.bag,/rosout_agg,system
carbonZ_2018-09-11-13-57-47.bag,/sysid/airspeed/data,flight_state
carbonZ_2018-09-11-13-57-47.bag,/sysid/pitch/data,flight_state
carbonZ_2018-09-11-13-57-47.bag,/sysid/roll/data,flight_state
carbonZ_2018-09-11-13-57-47.bag,/sysid/roll/fault,flight_state
carbonZ_2018-09-11-13-57-47.bag,/tf_static,system
carbonZ_2018-09-11-14-16-55.bag,/diagnostics,system
carbonZ_2018-09-11-14-16-55.bag,/failure_status/aileron,label
carbonZ_2018-09-11-14-16-55.bag,/failure_status/elevator,label
carbonZ_2018-09-11-14-16-55.bag,/failure_status/engines,label
carbonZ_2018-09-11-14-16-55.bag,/failure_status/rudder,label
carbonZ_2018-09-11-14-16-55.bag,/mavctrl/path_dev,control
carbonZ_2018-09-11-14-16-55.bag,/mavctrl/rpy,control
carbonZ_2018-09-11-14-16-55.bag,/mavlink/from,system
carbonZ_2018-09-11-14-16-55.bag,/mavros/battery,energy
carbonZ_2018-09-11-14-16-55.bag,/mavros/global_position/compass_hdg,navigation
carbonZ_2018-09-11-14-16-55.bag,/mavros/global_position/global,navigation
carbonZ_2018-09-11-14-16-55.bag,/mavros/global_position/local,navigation
carbonZ_2018-09-11-14-16-55.bag,/mavros/global_position/raw/fix,navigation
carbonZ_2018-09-11-14-16-55.bag,/mavros/global_position/raw/gps_vel,navigation
carbonZ_2018-09-11-14-16-55.bag,/mavros/global_position/rel_alt,navigation
carbonZ_2018-09-11-14-16-55.bag,/mavros/home_position/home,navigation
carbonZ_2018-09-11-14-16-55.bag,/mavros/imu/atm_pressure,flight_state
carbonZ_2018-09-11-14-16-55.bag,/mavros/imu/data,flight_state
carbonZ_2018-09-11-14-16-55.bag,/mavros/imu/data_raw,flight_state
carbonZ_2018-09-11-14-16-55.bag,/mavros/imu/mag,flight_state
carbonZ_2018-09-11-14-16-55.bag,/mavros/imu/temperature,flight_state
carbonZ_2018-09-11-14-16-55.bag,/mavros/local_position/odom,flight_state
carbonZ_2018-09-11-14-16-55.bag,/mavros/local_position/pose,flight_state
carbonZ_2018-09-11-14-16-55.bag,/mavros/local_position/velocity,flight_state
carbonZ_2018-09-11-14-16-55.bag,/mavros/mission/reached,system
carbonZ_2018-09-11-14-16-55.bag,/mavros/mission/waypoints,system
carbonZ_2018-09-11-14-16-55.bag,/mavros/nav_info/airspeed,flight_state
carbonZ_2018-09-11-14-16-55.bag,/mavros/nav_info/errors,unknown
carbonZ_2018-09-11-14-16-55.bag,/mavros/nav_info/pitch,flight_state
carbonZ_2018-09-11-14-16-55.bag,/mavros/nav_info/roll,flight_state
carbonZ_2018-09-11-14-16-55.bag,/mavros/nav_info/velocity,flight_state
carbonZ_2018-09-11-14-16-55.bag,/mavros/nav_info/yaw,flight_state
carbonZ_2018-09-11-14-16-55.bag,/mavros/rc/in,control
carbonZ_2018-09-11-14-16-55.bag,/mavros/rc/out,control
carbonZ_2018-09-11-14-16-55.bag,/mavros/setpoint_raw/target_global,control
carbonZ_2018-09-11-14-16-55.bag,/mavros/state,system
carbonZ_2018-09-11-14-16-55.bag,/mavros/time_reference,system
carbonZ_2018-09-11-14-16-55.bag,/mavros/vfr_hud,energy
carbonZ_2018-09-11-14-16-55.bag,/mavros/wind_estimation,flight_state
carbonZ_2018-09-11-14-16-55.bag,/rosout,system
carbonZ_2018-09-11-14-16-55.bag,/rosout_agg,system
carbonZ_2018-09-11-14-16-55.bag,/sysid/airspeed/data,flight_state
carbonZ_2018-09-11-14-16-55.bag,/sysid/pitch/data,flight_state
carbonZ_2018-09-11-14-16-55.bag,/sysid/roll/data,flight_state
carbonZ_2018-09-11-14-16-55.bag,/sysid/roll/fault,flight_state
carbonZ_2018-09-11-14-16-55.bag,/tf_static,system
carbonZ_2018-09-11-14-22-07.bag,/diagnostics,system
carbonZ_2018-09-11-14-22-07.bag,/failure_status/aileron,label
carbonZ_2018-09-11-14-22-07.bag,/failure_status/elevator,label
carbonZ_2018-09-11-14-22-07.bag,/failure_status/engines,label
carbonZ_2018-09-11-14-22-07.bag,/failure_status/rudder,label
carbonZ_2018-09-11-14-22-07.bag,/mavctrl/path_dev,control
carbonZ_2018-09-11-14-22-07.bag,/mavctrl/rpy,control
carbonZ_2018-09-11-14-22-07.bag,/mavlink/from,system
carbonZ_2018-09-11-14-22-07.bag,/mavros/battery,energy
carbonZ_2018-09-11-14-22-07.bag,/mavros/global_position/compass_hdg,navigation
carbonZ_2018-09-11-14-22-07.bag,/mavros/global_position/global,navigation
carbonZ_2018-09-11-14-22-07.bag,/mavros/global_position/local,navigation
carbonZ_2018-09-11-14-22-07.bag,/mavros/global_position/raw/fix,navigation
carbonZ_2018-09-11-14-22-07.bag,/mavros/global_position/raw/gps_vel,navigation
carbonZ_2018-09-11-14-22-07.bag,/mavros/global_position/rel_alt,navigation
carbonZ_2018-09-11-14-22-07.bag,/mavros/home_position/home,navigation
carbonZ_2018-09-11-14-22-07.bag,/mavros/imu/atm_pressure,flight_state
carbonZ_2018-09-11-14-22-07.bag,/mavros/imu/data,flight_state
carbonZ_2018-09-11-14-22-07.bag,/mavros/imu/data_raw,flight_state
carbonZ_2018-09-11-14-22-07.bag,/mavros/imu/mag,flight_state
carbonZ_2018-09-11-14-22-07.bag,/mavros/imu/temperature,flight_state
carbonZ_2018-09-11-14-22-07.bag,/mavros/local_position/odom,flight_state
carbonZ_2018-09-11-14-22-07.bag,/mavros/local_position/pose,flight_state
carbonZ_2018-09-11-14-22-07.bag,/mavros/local_position/velocity,flight_state
carbonZ_2018-09-11-14-22-07.bag,/mavros/mission/reached,system
carbonZ_2018-09-11-14-22-07.bag,/mavros/mission/waypoints,system
carbonZ_2018-09-11-14-22-07.bag,/mavros/nav_info/airspeed,flight_state
carbonZ_2018-09-11-14-22-07.bag,/mavros/nav_info/errors,unknown
carbonZ_2018-09-11-14-22-07.bag,/mavros/nav_info/pitch,flight_state
carbonZ_2018-09-11-14-22-07.bag,/mavros/nav_info/roll,flight_state
carbonZ_2018-09-11-14-22-07.bag,/mavros/nav_info/velocity,flight_state
carbonZ_2018-09-11-14-22-07.bag,/mavros/nav_info/yaw,flight_state
carbonZ_2018-09-11-14-22-07.bag,/mavros/rc/in,control
carbonZ_2018-09-11-14-22-07.bag,/mavros/rc/out,control
carbonZ_2018-09-11-14-22-07.bag,/mavros/setpoint_raw/local,control
carbonZ_2018-09-11-14-22-07.bag,/mavros/setpoint_raw/target_global,control
carbonZ_2018-09-11-14-22-07.bag,/mavros/state,system
carbonZ_2018-09-11-14-22-07.bag,/mavros/time_reference,system
carbonZ_2018-09-11-14-22-07.bag,/mavros/vfr_hud,energy
carbonZ_2018-09-11-14-22-07.bag,/mavros/wind_estimation,flight_state
carbonZ_2018-09-11-14-22-07.bag,/rosout,system
carbonZ_2018-09-11-14-22-07.bag,/rosout_agg,system
carbonZ_2018-09-11-14-22-07.bag,/sysid/airspeed/data,flight_state
carbonZ_2018-09-11-14-22-07.bag,/sysid/pitch/data,flight_state
carbonZ_2018-09-11-14-22-07.bag,/sysid/pitch/fault,flight_state
carbonZ_2018-09-11-14-22-07.bag,/sysid/roll/data,flight_state
carbonZ_2018-09-11-14-22-07.bag,/tf_static,system
carbonZ_2018-09-11-14-41-38.bag,/diagnostics,system
carbonZ_2018-09-11-14-41-38.bag,/failure_status/aileron,label
carbonZ_2018-09-11-14-41-38.bag,/failure_status/elevator,label
carbonZ_2018-09-11-14-41-38.bag,/failure_status/engines,label
carbonZ_2018-09-11-14-41-38.bag,/failure_status/rudder,label
carbonZ_2018-09-11-14-41-38.bag,/mavlink/from,system
carbonZ_2018-09-11-14-41-38.bag,/mavros/battery,energy
carbonZ_2018-09-11-14-41-38.bag,/mavros/global_position/compass_hdg,navigation
carbonZ_2018-09-11-14-41-38.bag,/mavros/global_position/global,navigation
carbonZ_2018-09-11-14-41-38.bag,/mavros/global_position/local,navigation
carbonZ_2018-09-11-14-41-38.bag,/mavros/global_position/raw/fix,navigation
carbonZ_2018-09-11-14-41-38.bag,/mavros/global_position/raw/gps_vel,navigation
carbonZ_2018-09-11-14-41-38.bag,/mavros/global_position/rel_alt,navigation
carbonZ_2018-09-11-14-41-38.bag,/mavros/home_position/home,navigation
carbonZ_2018-09-11-14-41-38.bag,/mavros/imu/atm_pressure,flight_state
carbonZ_2018-09-11-14-41-38.bag,/mavros/imu/data,flight_state
carbonZ_2018-09-11-14-41-38.bag,/mavros/imu/data_raw,flight_state
carbonZ_2018-09-11-14-41-38.bag,/mavros/imu/mag,flight_state
carbonZ_2018-09-11-14-41-38.bag,/mavros/imu/temperature,flight_state
carbonZ_2018-09-11-14-41-38.bag,/mavros/local_position/odom,flight_state
carbonZ_2018-09-11-14-41-38.bag,/mavros/local_position/pose,flight_state
carbonZ_2018-09-11-14-41-38.bag,/mavros/local_position/velocity,flight_state
carbonZ_2018-09-11-14-41-38.bag,/mavros/mission/reached,system
carbonZ_2018-09-11-14-41-38.bag,/mavros/mission/waypoints,system
carbonZ_2018-09-11-14-41-38.bag,/mavros/nav_info/airspeed,flight_state
carbonZ_2018-09-11-14-41-38.bag,/mavros/nav_info/errors,unknown
carbonZ_2018-09-11-14-41-38.bag,/mavros/nav_info/pitch,flight_state
carbonZ_2018-09-11-14-41-38.bag,/mavros/nav_info/roll,flight_state
carbonZ_2018-09-11-14-41-38.bag,/mavros/nav_info/velocity,flight_state
carbonZ_2018-09-11-14-41-38.bag,/mavros/nav_info/yaw,flight_state
carbonZ_2018-09-11-14-41-38.bag,/mavros/rc/in,control
carbonZ_2018-09-11-14-41-38.bag,/mavros/rc/out,control
carbonZ_2018-09-11-14-41-38.bag,/mavros/setpoint_raw/target_global,control
carbonZ_2018-09-11-14-41-38.bag,/mavros/state,system
carbonZ_2018-09-11-14-41-38.bag,/mavros/time_reference,system
carbonZ_2018-09-11-14-41-38.bag,/mavros/vfr_hud,energy
carbonZ_2018-09-11-14-41-38.bag,/mavros/wind_estimation,flight_state
carbonZ_2018-09-11-14-41-38.bag,/rosout,system
carbonZ_2018-09-11-14-41-38.bag,/rosout_agg,system
carbonZ_2018-09-11-14-41-38.bag,/sysid/airspeed/data,flight_state
carbonZ_2018-09-11-14-41-38.bag,/sysid/pitch/data,flight_state
carbonZ_2018-09-11-14-41-38.bag,/sysid/roll/data,flight_state
carbonZ_2018-09-11-14-41-38.bag,/sysid/roll/fault,flight_state
carbonZ_2018-09-11-14-41-38.bag,/tf_static,system
carbonZ_2018-09-11-14-41-51.bag,/diagnostics,system
carbonZ_2018-09-11-14-41-51.bag,/failure_status/aileron,label
carbonZ_2018-09-11-14-41-51.bag,/failure_status/elevator,label
carbonZ_2018-09-11-14-41-51.bag,/failure_status/engines,label
carbonZ_2018-09-11-14-41-51.bag,/failure_status/rudder,label
carbonZ_2018-09-11-14-41-51.bag,/mavctrl/path_dev,control
carbonZ_2018-09-11-14-41-51.bag,/mavctrl/rpy,control
carbonZ_2018-09-11-14-41-51.bag,/mavlink/from,system
carbonZ_2018-09-11-14-41-51.bag,/mavros/battery,energy
carbonZ_2018-09-11-14-41-51.bag,/mavros/global_position/compass_hdg,navigation
carbonZ_2018-09-11-14-41-51.bag,/mavros/global_position/global,navigation
carbonZ_2018-09-11-14-41-51.bag,/mavros/global_position/local,navigation
carbonZ_2018-09-11-14-41-51.bag,/mavros/global_position/raw/fix,navigation
carbonZ_2018-09-11-14-41-51.bag,/mavros/global_position/raw/gps_vel,navigation
carbonZ_2018-09-11-14-41-51.bag,/mavros/global_position/rel_alt,navigation
carbonZ_2018-09-11-14-41-51.bag,/mavros/home_position/home,navigation
carbonZ_2018-09-11-14-41-51.bag,/mavros/imu/atm_pressure,flight_state
carbonZ_2018-09-11-14-41-51.bag,/mavros/imu/data,flight_state
carbonZ_2018-09-11-14-41-51.bag,/mavros/imu/data_raw,flight_state
carbonZ_2018-09-11-14-41-51.bag,/mavros/imu/mag,flight_state
carbonZ_2018-09-11-14-41-51.bag,/mavros/imu/temperature,flight_state
carbonZ_2018-09-11-14-41-51.bag,/mavros/local_position/odom,flight_state
carbonZ_2018-09-11-14-41-51.bag,/mavros/local_position/pose,flight_state
carbonZ_2018-09-11-14-41-51.bag,/mavros/local_position/velocity,flight_state
carbonZ_2018-09-11-14-41-51.bag,/mavros/mission/reached,system
carbonZ_2018-09-11-14-41-51.bag,/mavros/mission/waypoints,system
carbonZ_2018-09-11-14-41-51.bag,/mavros/nav_info/airspeed,flight_state
carbonZ_2018-09-11-14-41-51.bag,/mavros/nav_info/errors,unknown
carbonZ_2018-09-11-14-41-51.bag,/mavros/nav_info/pitch,flight_state
carbonZ_2018-09-11-14-41-51.bag,/mavros/nav_info/roll,flight_state
carbonZ_2018-09-11-14-41-51.bag,/mavros/nav_info/velocity,flight_state
carbonZ_2018-09-11-14-41-51.bag,/mavros/nav_info/yaw,flight_state
carbonZ_2018-09-11-14-41-51.bag,/mavros/rc/in,control
carbonZ_2018-09-11-14-41-51.bag,/mavros/rc/out,control
carbonZ_2018-09-11-14-41-51.bag,/mavros/setpoint_raw/local,control
carbonZ_2018-09-11-14-41-51.bag,/mavros/setpoint_raw/target_global,control
carbonZ_2018-09-11-14-41-51.bag,/mavros/state,system
carbonZ_2018-09-11-14-41-51.bag,/mavros/time_reference,system
carbonZ_2018-09-11-14-41-51.bag,/mavros/vfr_hud,energy
carbonZ_2018-09-11-14-41-51.bag,/mavros/wind_estimation,flight_state
carbonZ_2018-09-11-14-41-51.bag,/rosout,system
carbonZ_2018-09-11-14-41-51.bag,/rosout_agg,system
carbonZ_2018-09-11-14-41-51.bag,/sysid/airspeed/data,flight_state
carbonZ_2018-09-11-14-41-51.bag,/sysid/pitch/data,flight_state
carbonZ_2018-09-11-14-41-51.bag,/sysid/pitch/fault,flight_state
carbonZ_2018-09-11-14-41-51.bag,/sysid/roll/data,flight_state
carbonZ_2018-09-11-14-41-51.bag,/tf_static,system
carbonZ_2018-09-11-14-42-06.bag,/diagnostics,system
carbonZ_2018-09-11-14-42-06.bag,/failure_status/aileron,label
carbonZ_2018-09-11-14-42-06.bag,/failure_status/elevator,label
carbonZ_2018-09-11-14-42-06.bag,/failure_status/engines,label
carbonZ_2018-09-11-14-42-06.bag,/failure_status/rudder,label
carbonZ_2018-09-11-14-42-06.bag,/mavctrl/path_dev,control
carbonZ_2018-09-11-14-42-06.bag,/mavctrl/rpy,control
carbonZ_2018-09-11-14-42-06.bag,/mavlink/from,system
carbonZ_2018-09-11-14-42-06.bag,/mavros/battery,energy
carbonZ_2018-09-11-14-42-06.bag,/mavros/global_position/compass_hdg,navigation
carbonZ_2018-09-11-14-42-06.bag,/mavros/global_position/global,navigation
carbonZ_2018-09-11-14-42-06.bag,/mavros/global_position/local,navigation
carbonZ_2018-09-11-14-42-06.bag,/mavros/global_position/raw/fix,navigation
carbonZ_2018-09-11-14-42-06.bag,/mavros/global_position/raw/gps_vel,navigation
carbonZ_2018-09-11-14-42-06.bag,/mavros/global_position/rel_alt,navigation
carbonZ_2018-09-11-14-42-06.bag,/mavros/home_position/home,navigation
carbonZ_2018-09-11-14-42-06.bag,/mavros/imu/atm_pressure,flight_state
carbonZ_2018-09-11-14-42-06.bag,/mavros/imu/data,flight_state
carbonZ_2018-09-11-14-42-06.bag,/mavros/imu/data_raw,flight_state
carbonZ_2018-09-11-14-42-06.bag,/mavros/imu/mag,flight_state
carbonZ_2018-09-11-14-42-06.bag,/mavros/imu/temperature,flight_state
carbonZ_2018-09-11-14-42-06.bag,/mavros/local_position/odom,flight_state
carbonZ_2018-09-11-14-42-06.bag,/mavros/local_position/pose,flight_state
carbonZ_2018-09-11-14-42-06.bag,/mavros/local_position/velocity,flight_state
carbonZ_2018-09-11-14-42-06.bag,/mavros/mission/waypoints,system
carbonZ_2018-09-11-14-42-06.bag,/mavros/nav_info/airspeed,flight_state
carbonZ_2018-09-11-14-42-06.bag,/mavros/nav_info/errors,unknown
carbonZ_2018-09-11-14-42-06.bag,/mavros/nav_info/pitch,flight_state
carbonZ_2018-09-11-14-42-06.bag,/mavros/nav_info/roll,flight_state
carbonZ_2018-09-11-14-42-06.bag,/mavros/nav_info/velocity,flight_state
carbonZ_2018-09-11-14-42-06.bag,/mavros/nav_info/yaw,flight_state
carbonZ_2018-09-11-14-42-06.bag,/mavros/rc/in,control
carbonZ_2018-09-11-14-42-06.bag,/mavros/rc/out,control
carbonZ_2018-09-11-14-42-06.bag,/mavros/setpoint_raw/target_global,control
carbonZ_2018-09-11-14-42-06.bag,/mavros/state,system
carbonZ_2018-09-11-14-42-06.bag,/mavros/time_reference,system
carbonZ_2018-09-11-14-42-06.bag,/mavros/vfr_hud,energy
carbonZ_2018-09-11-14-42-06.bag,/mavros/wind_estimation,flight_state
carbonZ_2018-09-11-14-42-06.bag,/rosout,system
carbonZ_2018-09-11-14-42-06.bag,/rosout_agg,system
carbonZ_2018-09-11-14-42-06.bag,/sysid/airspeed/data,flight_state
carbonZ_2018-09-11-14-42-06.bag,/sysid/pitch/data,flight_state
carbonZ_2018-09-11-14-42-06.bag,/sysid/roll/data,flight_state
carbonZ_2018-09-11-14-42-06.bag,/tf_static,system
carbonZ_2018-09-11-14-52-54.bag,/diagnostics,system
carbonZ_2018-09-11-14-52-54.bag,/failure_status/aileron,label
carbonZ_2018-09-11-14-52-54.bag,/failure_status/elevator,label
carbonZ_2018-09-11-14-52-54.bag,/failure_status/engines,label
carbonZ_2018-09-11-14-52-54.bag,/failure_status/rudder,label
carbonZ_2018-09-11-14-52-54.bag,/mavctrl/path_dev,control
carbonZ_2018-09-11-14-52-54.bag,/mavctrl/rpy,control
carbonZ_2018-09-11-14-52-54.bag,/mavlink/from,system
carbonZ_2018-09-11-14-52-54.bag,/mavros/battery,energy
carbonZ_2018-09-11-14-52-54.bag,/mavros/global_position/compass_hdg,navigation
carbonZ_2018-09-11-14-52-54.bag,/mavros/global_position/global,navigation
carbonZ_2018-09-11-14-52-54.bag,/mavros/global_position/local,navigation
carbonZ_2018-09-11-14-52-54.bag,/mavros/global_position/raw/fix,navigation
carbonZ_2018-09-11-14-52-54.bag,/mavros/global_position/raw/gps_vel,navigation
carbonZ_2018-09-11-14-52-54.bag,/mavros/global_position/rel_alt,navigation
carbonZ_2018-09-11-14-52-54.bag,/mavros/home_position/home,navigation
carbonZ_2018-09-11-14-52-54.bag,/mavros/imu/atm_pressure,flight_state
carbonZ_2018-09-11-14-52-54.bag,/mavros/imu/data,flight_state
carbonZ_2018-09-11-14-52-54.bag,/mavros/imu/data_raw,flight_state
carbonZ_2018-09-11-14-52-54.bag,/mavros/imu/mag,flight_state
carbonZ_2018-09-11-14-52-54.bag,/mavros/imu/temperature,flight_state
carbonZ_2018-09-11-14-52-54.bag,/mavros/local_position/odom,flight_state
carbonZ_2018-09-11-14-52-54.bag,/mavros/local_position/pose,flight_state
carbonZ_2018-09-11-14-52-54.bag,/mavros/local_position/velocity,flight_state
carbonZ_2018-09-11-14-52-54.bag,/mavros/mission/reached,system
carbonZ_2018-09-11-14-52-54.bag,/mavros/mission/waypoints,system
carbonZ_2018-09-11-14-52-54.bag,/mavros/nav_info/airspeed,flight_state
carbonZ_2018-09-11-14-52-54.bag,/mavros/nav_info/errors,unknown
carbonZ_2018-09-11-14-52-54.bag,/mavros/nav_info/pitch,flight_state
carbonZ_2018-09-11-14-52-54.bag,/mavros/nav_info/roll,flight_state
carbonZ_2018-09-11-14-52-54.bag,/mavros/nav_info/velocity,flight_state
carbonZ_2018-09-11-14-52-54.bag,/mavros/nav_info/yaw,flight_state
carbonZ_2018-09-11-14-52-54.bag,/mavros/rc/in,control
carbonZ_2018-09-11-14-52-54.bag,/mavros/rc/out,control
carbonZ_2018-09-11-14-52-54.bag,/mavros/setpoint_raw/local,control
carbonZ_2018-09-11-14-52-54.bag,/mavros/setpoint_raw/target_global,control
carbonZ_2018-09-11-14-52-54.bag,/mavros/state,system
carbonZ_2018-09-11-14-52-54.bag,/mavros/time_reference,system
carbonZ_2018-09-11-14-52-54.bag,/mavros/vfr_hud,energy
carbonZ_2018-09-11-14-52-54.bag,/mavros/wind_estimation,flight_state
carbonZ_2018-09-11-14-52-54.bag,/rosout,system
carbonZ_2018-09-11-14-52-54.bag,/rosout_agg,system
carbonZ_2018-09-11-14-52-54.bag,/sysid/airspeed/data,flight_state
carbonZ_2018-09-11-14-52-54.bag,/sysid/pitch/data,flight_state
carbonZ_2018-09-11-14-52-54.bag,/sysid/pitch/fault,flight_state
carbonZ_2018-09-11-14-52-54.bag,/sysid/roll/data,flight_state
carbonZ_2018-09-11-14-52-54.bag,/sysid/roll/fault,flight_state
carbonZ_2018-09-11-14-52-54.bag,/tf_static,system
carbonZ_2018-09-11-15-05-11.bag,/diagnostics,system
carbonZ_2018-09-11-15-05-11.bag,/failure_status/aileron,label
carbonZ_2018-09-11-15-05-11.bag,/failure_status/elevator,label
carbonZ_2018-09-11-15-05-11.bag,/failure_status/engines,label
carbonZ_2018-09-11-15-05-11.bag,/failure_status/rudder,label
carbonZ_2018-09-11-15-05-11.bag,/mavctrl/path_dev,control
carbonZ_2018-09-11-15-05-11.bag,/mavctrl/rpy,control
carbonZ_2018-09-11-15-05-11.bag,/mavlink/from,system
carbonZ_2018-09-11-15-05-11.bag,/mavros/battery,energy
carbonZ_2018-09-11-15-05-11.bag,/mavros/global_position/compass_hdg,navigation
carbonZ_2018-09-11-15-05-11.bag,/mavros/global_position/global,navigation
carbonZ_2018-09-11-15-05-11.bag,/mavros/global_position/gp_origin,navigation
carbonZ_2018-09-11-15-05-11.bag,/mavros/global_position/local,navigation
carbonZ_2018-09-11-15-05-11.bag,/mavros/global_position/raw/fix,navigation
carbonZ_2018-09-11-15-05-11.bag,/mavros/global_position/raw/gps_vel,navigation
carbonZ_2018-09-11-15-05-11.bag,/mavros/global_position/rel_alt,navigation
carbonZ_2018-09-11-15-05-11.bag,/mavros/home_position/home,navigation
carbonZ_2018-09-11-15-05-11.bag,/mavros/imu/atm_pressure,flight_state
carbonZ_2018-09-11-15-05-11.bag,/mavros/imu/data,flight_state
carbonZ_2018-09-11-15-05-11.bag,/mavros/imu/data_raw,flight_state
carbonZ_2018-09-11-15-05-11.bag,/mavros/imu/mag,flight_state
carbonZ_2018-09-11-15-05-11.bag,/mavros/imu/temperature,flight_state
carbonZ_2018-09-11-15-05-11.bag,/mavros/local_position/odom,flight_state
carbonZ_2018-09-11-15-05-11.bag,/mavros/local_position/pose,flight_state
carbonZ_2018-09-11-15-05-11.bag,/mavros/local_position/velocity,flight_state
carbonZ_2018-09-11-15-05-11.bag,/mavros/mission/reached,system
carbonZ_2018-09-11-15-05-11.bag,/mavros/mission/waypoints,system
carbonZ_2018-09-11-15-05-11.bag,/mavros/nav_info/airspeed,flight_state
carbonZ_2018-09-11-15-05-11.bag,/mavros/nav_info/errors,unknown
carbonZ_2018-09-11-15-05-11.bag,/mavros/nav_info/pitch,flight_state
carbonZ_2018-09-11-15-05-11.bag,/mavros/nav_info/roll,flight_state
carbonZ_2018-09-11-15-05-11.bag,/mavros/nav_info/velocity,flight_state
carbonZ_2018-09-11-15-05-11.bag,/mavros/nav_info/yaw,flight_state
carbonZ_2018-09-11-15-05-11.bag,/mavros/rc/in,control
carbonZ_2018-09-11-15-05-11.bag,/mavros/rc/out,control
carbonZ_2018-09-11-15-05-11.bag,/mavros/setpoint_raw/local,control
carbonZ_2018-09-11-15-05-11.bag,/mavros/setpoint_raw/target_global,control
carbonZ_2018-09-11-15-05-11.bag,/mavros/state,system
carbonZ_2018-09-11-15-05-11.bag,/mavros/time_reference,system
carbonZ_2018-09-11-15-05-11.bag,/mavros/vfr_hud,energy
carbonZ_2018-09-11-15-05-11.bag,/mavros/wind_estimation,flight_state
carbonZ_2018-09-11-15-05-11.bag,/rosout,system
carbonZ_2018-09-11-15-05-11.bag,/rosout_agg,system
carbonZ_2018-09-11-15-05-11.bag,/sysid/airspeed/data,flight_state
carbonZ_2018-09-11-15-05-11.bag,/sysid/pitch/data,flight_state
carbonZ_2018-09-11-15-05-11.bag,/sysid/roll/data,flight_state
carbonZ_2018-09-11-15-05-11.bag,/sysid/roll/fault,flight_state
carbonZ_2018-09-11-15-05-11.bag,/tf_static,system
carbonZ_2018-09-11-15-06-34.bag,/diagnostics,system
carbonZ_2018-09-11-15-06-34.bag,/failure_status/aileron,label
carbonZ_2018-09-11-15-06-34.bag,/failure_status/elevator,label
carbonZ_2018-09-11-15-06-34.bag,/failure_status/engines,label
carbonZ_2018-09-11-15-06-34.bag,/failure_status/rudder,label
carbonZ_2018-09-11-15-06-34.bag,/mavctrl/path_dev,control
carbonZ_2018-09-11-15-06-34.bag,/mavctrl/rpy,control
carbonZ_2018-09-11-15-06-34.bag,/mavlink/from,system
carbonZ_2018-09-11-15-06-34.bag,/mavros/battery,energy
carbonZ_2018-09-11-15-06-34.bag,/mavros/global_position/compass_hdg,navigation
carbonZ_2018-09-11-15-06-34.bag,/mavros/global_position/global,navigation
carbonZ_2018-09-11-15-06-34.bag,/mavros/global_position/local,navigation
carbonZ_2018-09-11-15-06-34.bag,/mavros/global_position/raw/fix,navigation
carbonZ_2018-09-11-15-06-34.bag,/mavros/global_position/raw/gps_vel,navigation
carbonZ_2018-09-11-15-06-34.bag,/mavros/global_position/rel_alt,navigation
carbonZ_2018-09-11-15-06-34.bag,/mavros/home_position/home,navigation
carbonZ_2018-09-11-15-06-34.bag,/mavros/imu/atm_pressure,flight_state
carbonZ_2018-09-11-15-06-34.bag,/mavros/imu/data,flight_state
carbonZ_2018-09-11-15-06-34.bag,/mavros/imu/data_raw,flight_state
carbonZ_2018-09-11-15-06-34.bag,/mavros/imu/mag,flight_state
carbonZ_2018-09-11-15-06-34.bag,/mavros/imu/temperature,flight_state
carbonZ_2018-09-11-15-06-34.bag,/mavros/local_position/odom,flight_state
carbonZ_2018-09-11-15-06-34.bag,/mavros/local_position/pose,flight_state
carbonZ_2018-09-11-15-06-34.bag,/mavros/local_position/velocity,flight_state
carbonZ_2018-09-11-15-06-34.bag,/mavros/mission/reached,system
carbonZ_2018-09-11-15-06-34.bag,/mavros/mission/waypoints,system
carbonZ_2018-09-11-15-06-34.bag,/mavros/nav_info/airspeed,flight_state
carbonZ_2018-09-11-15-06-34.bag,/mavros/nav_info/errors,unknown
carbonZ_2018-09-11-15-06-34.bag,/mavros/nav_info/pitch,flight_state
carbonZ_2018-09-11-15-06-34.bag,/mavros/nav_info/roll,flight_state
carbonZ_2018-09-11-15-06-34.bag,/mavros/nav_info/velocity,flight_state
carbonZ_2018-09-11-15-06-34.bag,/mavros/nav_info/yaw,flight_state
carbonZ_2018-09-11-15-06-34.bag,/mavros/rc/in,control
carbonZ_2018-09-11-15-06-34.bag,/mavros/rc/out,control
carbonZ_2018-09-11-15-06-34.bag,/mavros/setpoint_raw/local,control
carbonZ_2018-09-11-15-06-34.bag,/mavros/setpoint_raw/target_global,control
carbonZ_2018-09-11-15-06-34.bag,/mavros/state,system
carbonZ_2018-09-11-15-06-34.bag,/mavros/time_reference,system
carbonZ_2018-09-11-15-06-34.bag,/mavros/vfr_hud,energy
carbonZ_2018-09-11-15-06-34.bag,/mavros/wind_estimation,flight_state
carbonZ_2018-09-11-15-06-34.bag,/rosout,system
carbonZ_2018-09-11-15-06-34.bag,/rosout_agg,system
carbonZ_2018-09-11-15-06-34.bag,/sysid/airspeed/data,flight_state
carbonZ_2018-09-11-15-06-34.bag,/sysid/pitch/data,flight_state
carbonZ_2018-09-11-15-06-34.bag,/sysid/pitch/fault,flight_state
carbonZ_2018-09-11-15-06-34.bag,/sysid/roll/data,flight_state
carbonZ_2018-09-11-15-06-34.bag,/sysid/roll/fault,flight_state
carbonZ_2018-09-11-15-06-34.bag,/tf_static,system
carbonZ_2018-09-11-17-10-10.bag,/diagnostics,system
carbonZ_2018-09-11-17-10-10.bag,/failure_status/aileron,label
carbonZ_2018-09-11-17-10-10.bag,/failure_status/elevator,label
carbonZ_2018-09-11-17-10-10.bag,/failure_status/engines,label
carbonZ_2018-09-11-17-10-10.bag,/failure_status/rudder,label
carbonZ_2018-09-11-17-10-10.bag,/mavctrl/path_dev,control
carbonZ_2018-09-11-17-10-10.bag,/mavctrl/rpy,control
carbonZ_2018-09-11-17-10-10.bag,/mavlink/from,system
carbonZ_2018-09-11-17-10-10.bag,/mavros/battery,energy
carbonZ_2018-09-11-17-10-10.bag,/mavros/global_position/compass_hdg,navigation
carbonZ_2018-09-11-17-10-10.bag,/mavros/global_position/global,navigation
carbonZ_2018-09-11-17-10-10.bag,/mavros/global_position/local,navigation
carbonZ_2018-09-11-17-10-10.bag,/mavros/global_position/raw/fix,navigation
carbonZ_2018-09-11-17-10-10.bag,/mavros/global_position/raw/gps_vel,navigation
carbonZ_2018-09-11-17-10-10.bag,/mavros/global_position/rel_alt,navigation
carbonZ_2018-09-11-17-10-10.bag,/mavros/home_position/home,navigation
carbonZ_2018-09-11-17-10-10.bag,/mavros/imu/atm_pressure,flight_state
carbonZ_2018-09-11-17-10-10.bag,/mavros/imu/data,flight_state
carbonZ_2018-09-11-17-10-10.bag,/mavros/imu/data_raw,flight_state
carbonZ_2018-09-11-17-10-10.bag,/mavros/imu/mag,flight_state
carbonZ_2018-09-11-17-10-10.bag,/mavros/imu/temperature,flight_state
carbonZ_2018-09-11-17-10-10.bag,/mavros/local_position/odom,flight_state
carbonZ_2018-09-11-17-10-10.bag,/mavros/local_position/pose,flight_state
carbonZ_2018-09-11-17-10-10.bag,/mavros/local_position/velocity,flight_state
carbonZ_2018-09-11-17-10-10.bag,/mavros/mission/reached,system
carbonZ_2018-09-11-17-10-10.bag,/mavros/mission/waypoints,system
carbonZ_2018-09-11-17-10-10.bag,/mavros/nav_info/airspeed,flight_state
carbonZ_2018-09-11-17-10-10.bag,/mavros/nav_info/errors,unknown
carbonZ_2018-09-11-17-10-10.bag,/mavros/nav_info/pitch,flight_state
carbonZ_2018-09-11-17-10-10.bag,/mavros/nav_info/roll,flight_state
carbonZ_2018-09-11-17-10-10.bag,/mavros/nav_info/velocity,flight_state
carbonZ_2018-09-11-17-10-10.bag,/mavros/nav_info/yaw,flight_state
carbonZ_2018-09-11-17-10-10.bag,/mavros/rc/in,control
carbonZ_2018-09-11-17-10-10.bag,/mavros/rc/out,control
carbonZ_2018-09-11-17-10-10.bag,/mavros/setpoint_raw/local,control
carbonZ_2018-09-11-17-10-10.bag,/mavros/setpoint_raw/target_global,control
carbonZ_2018-09-11-17-10-10.bag,/mavros/state,system
carbonZ_2018-09-11-17-10-10.bag,/mavros/time_reference,system
carbonZ_2018-09-11-17-10-10.bag,/mavros/vfr_hud,energy
carbonZ_2018-09-11-17-10-10.bag,/mavros/wind_estimation,flight_state
carbonZ_2018-09-11-17-10-10.bag,/rosout,system
carbonZ_2018-09-11-17-10-10.bag,/rosout_agg,system
carbonZ_2018-09-11-17-10-10.bag,/sysid/airspeed/data,flight_state
carbonZ_2018-09-11-17-10-10.bag,/sysid/pitch/data,flight_state
carbonZ_2018-09-11-17-10-10.bag,/sysid/roll/data,flight_state
carbonZ_2018-09-11-17-10-10.bag,/sysid/roll/fault,flight_state
carbonZ_2018-09-11-17-10-10.bag,/tf_static,system
carbonZ_2018-09-11-17-25-17.bag,/diagnostics,system
carbonZ_2018-09-11-17-25-17.bag,/failure_status/aileron,label
carbonZ_2018-09-11-17-25-17.bag,/failure_status/elevator,label
carbonZ_2018-09-11-17-25-17.bag,/failure_status/engines,label
carbonZ_2018-09-11-17-25-17.bag,/failure_status/rudder,label
carbonZ_2018-09-11-17-25-17.bag,/mavctrl/path_dev,control
carbonZ_2018-09-11-17-25-17.bag,/mavctrl/rpy,control
carbonZ_2018-09-11-17-25-17.bag,/mavlink/from,system
carbonZ_2018-09-11-17-25-17.bag,/mavros/battery,energy
carbonZ_2018-09-11-17-25-17.bag,/mavros/global_position/compass_hdg,navigation
carbonZ_2018-09-11-17-25-17.bag,/mavros/global_position/global,navigation
carbonZ_2018-09-11-17-25-17.bag,/mavros/global_position/local,navigation
carbonZ_2018-09-11-17-25-17.bag,/mavros/global_position/raw/fix,navigation
carbonZ_2018-09-11-17-25-17.bag,/mavros/global_position/raw/gps_vel,navigation
carbonZ_2018-09-11-17-25-17.bag,/mavros/global_position/rel_alt,navigation
carbonZ_2018-09-11-17-25-17.bag,/mavros/home_position/home,navigation
carbonZ_2018-09-11-17-25-17.bag,/mavros/imu/atm_pressure,flight_state
carbonZ_2018-09-11-17-25-17.bag,/mavros/imu/data,flight_state
carbonZ_2018-09-11-17-25-17.bag,/mavros/imu/data_raw,flight_state
carbonZ_2018-09-11-17-25-17.bag,/mavros/imu/mag,flight_state
carbonZ_2018-09-11-17-25-17.bag,/mavros/imu/temperature,flight_state
carbonZ_2018-09-11-17-25-17.bag,/mavros/local_position/odom,flight_state
carbonZ_2018-09-11-17-25-17.bag,/mavros/local_position/pose,flight_state
carbonZ_2018-09-11-17-25-17.bag,/mavros/local_position/velocity,flight_state
carbonZ_2018-09-11-17-25-17.bag,/mavros/mission/reached,system
carbonZ_2018-09-11-17-25-17.bag,/mavros/mission/waypoints,system
carbonZ_2018-09-11-17-25-17.bag,/mavros/rc/in,control
carbonZ_2018-09-11-17-25-17.bag,/mavros/rc/out,control
carbonZ_2018-09-11-17-25-17.bag,/mavros/state,system
carbonZ_2018-09-11-17-25-17.bag,/mavros/time_reference,system
carbonZ_2018-09-11-17-25-17.bag,/mavros/vfr_hud,energy
carbonZ_2018-09-11-17-25-17.bag,/mavros/wind_estimation,flight_state
carbonZ_2018-09-11-17-25-17.bag,/rosout,system
carbonZ_2018-09-11-17-25-17.bag,/rosout_agg,system
carbonZ_2018-09-11-17-25-17.bag,/tf_static,system
carbonZ_2018-09-11-17-27-13.bag,/diagnostics,system
carbonZ_2018-09-11-17-27-13.bag,/failure_status/aileron,label
carbonZ_2018-09-11-17-27-13.bag,/failure_status/elevator,label
carbonZ_2018-09-11-17-27-13.bag,/failure_status/engines,label
carbonZ_2018-09-11-17-27-13.bag,/failure_status/rudder,label
carbonZ_2018-09-11-17-27-13.bag,/mavctrl/path_dev,control
carbonZ_2018-09-11-17-27-13.bag,/mavctrl/rpy,control
carbonZ_2018-09-11-17-27-13.bag,/mavlink/from,system
carbonZ_2018-09-11-17-27-13.bag,/mavros/battery,energy
carbonZ_2018-09-11-17-27-13.bag,/mavros/global_position/compass_hdg,navigation
carbonZ_2018-09-11-17-27-13.bag,/mavros/global_position/global,navigation
carbonZ_2018-09-11-17-27-13.bag,/mavros/global_position/local,navigation
carbonZ_2018-09-11-17-27-13.bag,/mavros/global_position/raw/fix,navigation
carbonZ_2018-09-11-17-27-13.bag,/mavros/global_position/raw/gps_vel,navigation
carbonZ_2018-09-11-17-27-13.bag,/mavros/global_position/rel_alt,navigation
carbonZ_2018-09-11-17-27-13.bag,/mavros/home_position/home,navigation
carbonZ_2018-09-11-17-27-13.bag,/mavros/imu/atm_pressure,flight_state
carbonZ_2018-09-11-17-27-13.bag,/mavros/imu/data,flight_state
carbonZ_2018-09-11-17-27-13.bag,/mavros/imu/data_raw,flight_state
carbonZ_2018-09-11-17-27-13.bag,/mavros/imu/mag,flight_state
carbonZ_2018-09-11-17-27-13.bag,/mavros/imu/temperature,flight_state
carbonZ_2018-09-11-17-27-13.bag,/mavros/local_position/odom,flight_state
carbonZ_2018-09-11-17-27-13.bag,/mavros/local_position/pose,flight_state
carbonZ_2018-09-11-17-27-13.bag,/mavros/local_position/velocity,flight_state
carbonZ_2018-09-11-17-27-13.bag,/mavros/mission/reached,system
carbonZ_2018-09-11-17-27-13.bag,/mavros/mission/waypoints,system
carbonZ_2018-09-11-17-27-13.bag,/mavros/nav_info/airspeed,flight_state
carbonZ_2018-09-11-17-27-13.bag,/mavros/nav_info/errors,unknown
carbonZ_2018-09-11-17-27-13.bag,/mavros/nav_info/pitch,flight_state
carbonZ_2018-09-11-17-27-13.bag,/mavros/nav_info/roll,flight_state
carbonZ_2018-09-11-17-27-13.bag,/mavros/nav_info/velocity,flight_state
carbonZ_2018-09-11-17-27-13.bag,/mavros/nav_info/yaw,flight_state
carbonZ_2018-09-11-17-27-13.bag,/mavros/rc/in,control
carbonZ_2018-09-11-17-27-13.bag,/mavros/rc/out,control
carbonZ_2018-09-11-17-27-13.bag,/mavros/setpoint_raw/local,control
carbonZ_2018-09-11-17-27-13.bag,/mavros/setpoint_raw/target_global,control
carbonZ_2018-09-11-17-27-13.bag,/mavros/state,system
carbonZ_2018-09-11-17-27-13.bag,/mavros/time_reference,system
carbonZ_2018-09-11-17-27-13.bag,/mavros/vfr_hud,energy
carbonZ_2018-09-11-17-27-13.bag,/mavros/wind_estimation,flight_state
carbonZ_2018-09-11-17-27-13.bag,/rosout,system
carbonZ_2018-09-11-17-27-13.bag,/rosout_agg,system
carbonZ_2018-09-11-17-27-13.bag,/sysid/airspeed/data,flight_state
carbonZ_2018-09-11-17-27-13.bag,/sysid/pitch/data,flight_state
carbonZ_2018-09-11-17-27-13.bag,/sysid/pitch/fault,flight_state
carbonZ_2018-09-11-17-27-13.bag,/sysid/roll/data,flight_state
carbonZ_2018-09-11-17-27-13.bag,/sysid/roll/fault,flight_state
carbonZ_2018-09-11-17-27-13.bag,/tf_static,system
carbonZ_2018-09-11-17-55-30.bag,/diagnostics,system
carbonZ_2018-09-11-17-55-30.bag,/failure_status/aileron,label
carbonZ_2018-09-11-17-55-30.bag,/failure_status/elevator,label
carbonZ_2018-09-11-17-55-30.bag,/failure_status/engines,label
carbonZ_2018-09-11-17-55-30.bag,/failure_status/rudder,label
carbonZ_2018-09-11-17-55-30.bag,/mavctrl/path_dev,control
carbonZ_2018-09-11-17-55-30.bag,/mavctrl/rpy,control
carbonZ_2018-09-11-17-55-30.bag,/mavlink/from,system
carbonZ_2018-09-11-17-55-30.bag,/mavros/battery,energy
carbonZ_2018-09-11-17-55-30.bag,/mavros/global_position/compass_hdg,navigation
carbonZ_2018-09-11-17-55-30.bag,/mavros/global_position/global,navigation
carbonZ_2018-09-11-17-55-30.bag,/mavros/global_position/local,navigation
carbonZ_2018-09-11-17-55-30.bag,/mavros/global_position/raw/fix,navigation
carbonZ_2018-09-11-17-55-30.bag,/mavros/global_position/raw/gps_vel,navigation
carbonZ_2018-09-11-17-55-30.bag,/mavros/global_position/rel_alt,navigation
carbonZ_2018-09-11-17-55-30.bag,/mavros/home_position/home,navigation
carbonZ_2018-09-11-17-55-30.bag,/mavros/imu/atm_pressure,flight_state
carbonZ_2018-09-11-17-55-30.bag,/mavros/imu/data,flight_state
carbonZ_2018-09-11-17-55-30.bag,/mavros/imu/data_raw,flight_state
carbonZ_2018-09-11-17-55-30.bag,/mavros/imu/mag,flight_state
carbonZ_2018-09-11-17-55-30.bag,/mavros/imu/temperature,flight_state
carbonZ_2018-09-11-17-55-30.bag,/mavros/local_position/odom,flight_state
carbonZ_2018-09-11-17-55-30.bag,/mavros/local_position/pose,flight_state
carbonZ_2018-09-11-17-55-30.bag,/mavros/local_position/velocity,flight_state
carbonZ_2018-09-11-17-55-30.bag,/mavros/mission/reached,system
carbonZ_2018-09-11-17-55-30.bag,/mavros/mission/waypoints,system
carbonZ_2018-09-11-17-55-30.bag,/mavros/nav_info/airspeed,flight_state
carbonZ_2018-09-11-17-55-30.bag,/mavros/nav_info/errors,unknown
carbonZ_2018-09-11-17-55-30.bag,/mavros/nav_info/pitch,flight_state
carbonZ_2018-09-11-17-55-30.bag,/mavros/nav_info/roll,flight_state
carbonZ_2018-09-11-17-55-30.bag,/mavros/nav_info/velocity,flight_state
carbonZ_2018-09-11-17-55-30.bag,/mavros/nav_info/yaw,flight_state
carbonZ_2018-09-11-17-55-30.bag,/mavros/rc/in,control
carbonZ_2018-09-11-17-55-30.bag,/mavros/rc/out,control
carbonZ_2018-09-11-17-55-30.bag,/mavros/setpoint_raw/local,control
carbonZ_2018-09-11-17-55-30.bag,/mavros/setpoint_raw/target_global,control
carbonZ_2018-09-11-17-55-30.bag,/mavros/state,system
carbonZ_2018-09-11-17-55-30.bag,/mavros/time_reference,system
carbonZ_2018-09-11-17-55-30.bag,/mavros/vfr_hud,energy
carbonZ_2018-09-11-17-55-30.bag,/mavros/wind_estimation,flight_state
carbonZ_2018-09-11-17-55-30.bag,/rosout,system
carbonZ_2018-09-11-17-55-30.bag,/rosout_agg,system
carbonZ_2018-09-11-17-55-30.bag,/sysid/airspeed/data,flight_state
carbonZ_2018-09-11-17-55-30.bag,/sysid/pitch/data,flight_state
carbonZ_2018-09-11-17-55-30.bag,/sysid/roll/data,flight_state
carbonZ_2018-09-11-17-55-30.bag,/sysid/roll/fault,flight_state
carbonZ_2018-09-11-17-55-30.bag,/tf_static,system
carbonZ_2018-10-05-14-34-20.bag,/diagnostics,system
carbonZ_2018-10-05-14-34-20.bag,/emergency_responder/traj_file,system
carbonZ_2018-10-05-14-34-20.bag,/failure_status/aileron,label
carbonZ_2018-10-05-14-34-20.bag,/failure_status/elevator,label
carbonZ_2018-10-05-14-34-20.bag,/failure_status/engines,label
carbonZ_2018-10-05-14-34-20.bag,/failure_status/rudder,label
carbonZ_2018-10-05-14-34-20.bag,/mavctrl/path_dev,control
carbonZ_2018-10-05-14-34-20.bag,/mavctrl/rpy,control
carbonZ_2018-10-05-14-34-20.bag,/mavlink/from,system
carbonZ_2018-10-05-14-34-20.bag,/mavros/battery,energy
carbonZ_2018-10-05-14-34-20.bag,/mavros/global_position/compass_hdg,navigation
carbonZ_2018-10-05-14-34-20.bag,/mavros/global_position/global,navigation
carbonZ_2018-10-05-14-34-20.bag,/mavros/global_position/local,navigation
carbonZ_2018-10-05-14-34-20.bag,/mavros/global_position/raw/fix,navigation
carbonZ_2018-10-05-14-34-20.bag,/mavros/global_position/raw/gps_vel,navigation
carbonZ_2018-10-05-14-34-20.bag,/mavros/global_position/rel_alt,navigation
carbonZ_2018-10-05-14-34-20.bag,/mavros/home_position/home,navigation
carbonZ_2018-10-05-14-34-20.bag,/mavros/imu/atm_pressure,flight_state
carbonZ_2018-10-05-14-34-20.bag,/mavros/imu/data,flight_state
carbonZ_2018-10-05-14-34-20.bag,/mavros/imu/data_raw,flight_state
carbonZ_2018-10-05-14-34-20.bag,/mavros/imu/mag,flight_state
carbonZ_2018-10-05-14-34-20.bag,/mavros/imu/temperature,flight_state
carbonZ_2018-10-05-14-34-20.bag,/mavros/local_position/odom,flight_state
carbonZ_2018-10-05-14-34-20.bag,/mavros/local_position/pose,flight_state
carbonZ_2018-10-05-14-34-20.bag,/mavros/local_position/velocity,flight_state
carbonZ_2018-10-05-14-34-20.bag,/mavros/mission/reached,system
carbonZ_2018-10-05-14-34-20.bag,/mavros/mission/waypoints,system
carbonZ_2018-10-05-14-34-20.bag,/mavros/nav_info/airspeed,flight_state
carbonZ_2018-10-05-14-34-20.bag,/mavros/nav_info/errors,unknown
carbonZ_2018-10-05-14-34-20.bag,/mavros/nav_info/pitch,flight_state
carbonZ_2018-10-05-14-34-20.bag,/mavros/nav_info/roll,flight_state
carbonZ_2018-10-05-14-34-20.bag,/mavros/nav_info/velocity,flight_state
carbonZ_2018-10-05-14-34-20.bag,/mavros/nav_info/yaw,flight_state
carbonZ_2018-10-05-14-34-20.bag,/mavros/rc/in,control
carbonZ_2018-10-05-14-34-20.bag,/mavros/rc/out,control
carbonZ_2018-10-05-14-34-20.bag,/mavros/setpoint_raw/local,control
carbonZ_2018-10-05-14-34-20.bag,/mavros/setpoint_raw/target_global,control
carbonZ_2018-10-05-14-34-20.bag,/mavros/state,system
carbonZ_2018-10-05-14-34-20.bag,/mavros/time_reference,system
carbonZ_2018-10-05-14-34-20.bag,/mavros/vfr_hud,energy
carbonZ_2018-10-05-14-34-20.bag,/mavros/wind_estimation,flight_state
carbonZ_2018-10-05-14-34-20.bag,/rosout,system
carbonZ_2018-10-05-14-34-20.bag,/rosout_agg,system
carbonZ_2018-10-05-14-34-20.bag,/sysid/airspeed/data,flight_state
carbonZ_2018-10-05-14-34-20.bag,/sysid/pitch/data,flight_state
carbonZ_2018-10-05-14-34-20.bag,/sysid/roll/data,flight_state
carbonZ_2018-10-05-14-34-20.bag,/sysid/roll/fault,flight_state
carbonZ_2018-10-05-14-34-20.bag,/tf_static,system
carbonZ_2018-10-05-14-37-22.bag,/diagnostics,system
carbonZ_2018-10-05-14-37-22.bag,/failure_status/aileron,label
carbonZ_2018-10-05-14-37-22.bag,/failure_status/elevator,label
carbonZ_2018-10-05-14-37-22.bag,/failure_status/engines,label
carbonZ_2018-10-05-14-37-22.bag,/failure_status/rudder,label
carbonZ_2018-10-05-14-37-22.bag,/mavctrl/path_dev,control
carbonZ_2018-10-05-14-37-22.bag,/mavctrl/rpy,control
carbonZ_2018-10-05-14-37-22.bag,/mavlink/from,system
carbonZ_2018-10-05-14-37-22.bag,/mavros/battery,energy
carbonZ_2018-10-05-14-37-22.bag,/mavros/global_position/compass_hdg,navigation
carbonZ_2018-10-05-14-37-22.bag,/mavros/global_position/global,navigation
carbonZ_2018-10-05-14-37-22.bag,/mavros/global_position/gp_origin,navigation
carbonZ_2018-10-05-14-37-22.bag,/mavros/global_position/local,navigation
carbonZ_2018-10-05-14-37-22.bag,/mavros/global_position/raw/fix,navigation
carbonZ_2018-10-05-14-37-22.bag,/mavros/global_position/raw/gps_vel,navigation
carbonZ_2018-10-05-14-37-22.bag,/mavros/global_position/rel_alt,navigation
carbonZ_2018-10-05-14-37-22.bag,/mavros/home_position/home,navigation
carbonZ_2018-10-05-14-37-22.bag,/mavros/imu/atm_pressure,flight_state
carbonZ_2018-10-05-14-37-22.bag,/mavros/imu/data,flight_state
carbonZ_2018-10-05-14-37-22.bag,/mavros/imu/data_raw,flight_state
carbonZ_2018-10-05-14-37-22.bag,/mavros/imu/mag,flight_state
carbonZ_2018-10-05-14-37-22.bag,/mavros/imu/temperature,flight_state
carbonZ_2018-10-05-14-37-22.bag,/mavros/local_position/odom,flight_state
carbonZ_2018-10-05-14-37-22.bag,/mavros/local_position/pose,flight_state
carbonZ_2018-10-05-14-37-22.bag,/mavros/local_position/velocity,flight_state
carbonZ_2018-10-05-14-37-22.bag,/mavros/mission/reached,system
carbonZ_2018-10-05-14-37-22.bag,/mavros/mission/waypoints,system
carbonZ_2018-10-05-14-37-22.bag,/mavros/nav_info/airspeed,flight_state
carbonZ_2018-10-05-14-37-22.bag,/mavros/nav_info/errors,unknown
carbonZ_2018-10-05-14-37-22.bag,/mavros/nav_info/pitch,flight_state
carbonZ_2018-10-05-14-37-22.bag,/mavros/nav_info/roll,flight_state
carbonZ_2018-10-05-14-37-22.bag,/mavros/nav_info/velocity,flight_state
carbonZ_2018-10-05-14-37-22.bag,/mavros/nav_info/yaw,flight_state
carbonZ_2018-10-05-14-37-22.bag,/mavros/rc/in,control
carbonZ_2018-10-05-14-37-22.bag,/mavros/rc/out,control
carbonZ_2018-10-05-14-37-22.bag,/mavros/setpoint_raw/local,control
carbonZ_2018-10-05-14-37-22.bag,/mavros/setpoint_raw/target_global,control
carbonZ_2018-10-05-14-37-22.bag,/mavros/state,system
carbonZ_2018-10-05-14-37-22.bag,/mavros/time_reference,system
carbonZ_2018-10-05-14-37-22.bag,/mavros/vfr_hud,energy
carbonZ_2018-10-05-14-37-22.bag,/mavros/wind_estimation,flight_state
carbonZ_2018-10-05-14-37-22.bag,/rosout,system
carbonZ_2018-10-05-14-37-22.bag,/rosout_agg,system
carbonZ_2018-10-05-14-37-22.bag,/sysid/airspeed/data,flight_state
carbonZ_2018-10-05-14-37-22.bag,/sysid/pitch/data,flight_state
carbonZ_2018-10-05-14-37-22.bag,/sysid/roll/data,flight_state
carbonZ_2018-10-05-14-37-22.bag,/sysid/roll/fault,flight_state
carbonZ_2018-10-05-14-37-22.bag,/tf_static,system
carbonZ_2018-10-05-15-52-12.bag,/diagnostics,system
carbonZ_2018-10-05-15-52-12.bag,/emergency_responder/traj_file,system
carbonZ_2018-10-05-15-52-12.bag,/failure_status/aileron,label
carbonZ_2018-10-05-15-52-12.bag,/failure_status/elevator,label
carbonZ_2018-10-05-15-52-12.bag,/failure_status/engines,label
carbonZ_2018-10-05-15-52-12.bag,/failure_status/rudder,label
carbonZ_2018-10-05-15-52-12.bag,/mavctrl/path_dev,control
carbonZ_2018-10-05-15-52-12.bag,/mavctrl/rpy,control
carbonZ_2018-10-05-15-52-12.bag,/mavlink/from,system
carbonZ_2018-10-05-15-52-12.bag,/mavros/battery,energy
carbonZ_2018-10-05-15-52-12.bag,/mavros/global_position/compass_hdg,navigation
carbonZ_2018-10-05-15-52-12.bag,/mavros/global_position/global,navigation
carbonZ_2018-10-05-15-52-12.bag,/mavros/global_position/local,navigation
carbonZ_2018-10-05-15-52-12.bag,/mavros/global_position/raw/fix,navigation
carbonZ_2018-10-05-15-52-12.bag,/mavros/global_position/raw/gps_vel,navigation
carbonZ_2018-10-05-15-52-12.bag,/mavros/global_position/rel_alt,navigation
carbonZ_2018-10-05-15-52-12.bag,/mavros/home_position/home,navigation
carbonZ_2018-10-05-15-52-12.bag,/mavros/imu/atm_pressure,flight_state
carbonZ_2018-10-05-15-52-12.bag,/mavros/imu/data,flight_state
carbonZ_2018-10-05-15-52-12.bag,/mavros/imu/data_raw,flight_state
carbonZ_2018-10-05-15-52-12.bag,/mavros/imu/mag,flight_state
carbonZ_2018-10-05-15-52-12.bag,/mavros/imu/temperature,flight_state
carbonZ_2018-10-05-15-52-12.bag,/mavros/local_position/odom,flight_state
carbonZ_2018-10-05-15-52-12.bag,/mavros/local_position/pose,flight_state
carbonZ_2018-10-05-15-52-12.bag,/mavros/local_position/velocity,flight_state
carbonZ_2018-10-05-15-52-12.bag,/mavros/mission/reached,system
carbonZ_2018-10-05-15-52-12.bag,/mavros/mission/waypoints,system
carbonZ_2018-10-05-15-52-12.bag,/mavros/nav_info/airspeed,flight_state
carbonZ_2018-10-05-15-52-12.bag,/mavros/nav_info/errors,unknown
carbonZ_2018-10-05-15-52-12.bag,/mavros/nav_info/pitch,flight_state
carbonZ_2018-10-05-15-52-12.bag,/mavros/nav_info/roll,flight_state
carbonZ_2018-10-05-15-52-12.bag,/mavros/nav_info/velocity,flight_state
carbonZ_2018-10-05-15-52-12.bag,/mavros/nav_info/yaw,flight_state
carbonZ_2018-10-05-15-52-12.bag,/mavros/rc/in,control
carbonZ_2018-10-05-15-52-12.bag,/mavros/rc/out,control
carbonZ_2018-10-05-15-52-12.bag,/mavros/setpoint_raw/local,control
carbonZ_2018-10-05-15-52-12.bag,/mavros/setpoint_raw/target_global,control
carbonZ_2018-10-05-15-52-12.bag,/mavros/state,system
carbonZ_2018-10-05-15-52-12.bag,/mavros/time_reference,system
carbonZ_2018-10-05-15-52-12.bag,/mavros/vfr_hud,energy
carbonZ_2018-10-05-15-52-12.bag,/mavros/wind_estimation,flight_state
carbonZ_2018-10-05-15-52-12.bag,/rosout,system
carbonZ_2018-10-05-15-52-12.bag,/rosout_agg,system
carbonZ_2018-10-05-15-52-12.bag,/sysid/airspeed/data,flight_state
carbonZ_2018-10-05-15-52-12.bag,/sysid/pitch/data,flight_state
carbonZ_2018-10-05-15-52-12.bag,/sysid/roll/data,flight_state
carbonZ_2018-10-05-15-52-12.bag,/sysid/roll/fault,flight_state
carbonZ_2018-10-05-15-52-12.bag,/tf_static,system
carbonZ_2018-10-05-15-55-10.bag,/diagnostics,system
carbonZ_2018-10-05-15-55-10.bag,/emergency_responder/traj_file,system
carbonZ_2018-10-05-15-55-10.bag,/failure_status/aileron,label
carbonZ_2018-10-05-15-55-10.bag,/failure_status/elevator,label
carbonZ_2018-10-05-15-55-10.bag,/failure_status/engines,label
carbonZ_2018-10-05-15-55-10.bag,/failure_status/rudder,label
carbonZ_2018-10-05-15-55-10.bag,/mavctrl/path_dev,control
carbonZ_2018-10-05-15-55-10.bag,/mavctrl/rpy,control
carbonZ_2018-10-05-15-55-10.bag,/mavlink/from,system
carbonZ_2018-10-05-15-55-10.bag,/mavros/battery,energy
carbonZ_2018-10-05-15-55-10.bag,/mavros/global_position/compass_hdg,navigation
carbonZ_2018-10-05-15-55-10.bag,/mavros/global_position/global,navigation
carbonZ_2018-10-05-15-55-10.bag,/mavros/global_position/local,navigation
carbonZ_2018-10-05-15-55-10.bag,/mavros/global_position/raw/fix,navigation
carbonZ_2018-10-05-15-55-10.bag,/mavros/global_position/raw/gps_vel,navigation
carbonZ_2018-10-05-15-55-10.bag,/mavros/global_position/rel_alt,navigation
carbonZ_2018-10-05-15-55-10.bag,/mavros/home_position/home,navigation
carbonZ_2018-10-05-15-55-10.bag,/mavros/imu/atm_pressure,flight_state
carbonZ_2018-10-05-15-55-10.bag,/mavros/imu/data,flight_state
carbonZ_2018-10-05-15-55-10.bag,/mavros/imu/data_raw,flight_state
carbonZ_2018-10-05-15-55-10.bag,/mavros/imu/mag,flight_state
carbonZ_2018-10-05-15-55-10.bag,/mavros/imu/temperature,flight_state
carbonZ_2018-10-05-15-55-10.bag,/mavros/local_position/odom,flight_state
carbonZ_2018-10-05-15-55-10.bag,/mavros/local_position/pose,flight_state
carbonZ_2018-10-05-15-55-10.bag,/mavros/local_position/velocity,flight_state
carbonZ_2018-10-05-15-55-10.bag,/mavros/mission/reached,system
carbonZ_2018-10-05-15-55-10.bag,/mavros/mission/waypoints,system
carbonZ_2018-10-05-15-55-10.bag,/mavros/nav_info/airspeed,flight_state
carbonZ_2018-10-05-15-55-10.bag,/mavros/nav_info/errors,unknown
carbonZ_2018-10-05-15-55-10.bag,/mavros/nav_info/pitch,flight_state
carbonZ_2018-10-05-15-55-10.bag,/mavros/nav_info/roll,flight_state
carbonZ_2018-10-05-15-55-10.bag,/mavros/nav_info/velocity,flight_state
carbonZ_2018-10-05-15-55-10.bag,/mavros/nav_info/yaw,flight_state
carbonZ_2018-10-05-15-55-10.bag,/mavros/rc/in,control
carbonZ_2018-10-05-15-55-10.bag,/mavros/rc/out,control
carbonZ_2018-10-05-15-55-10.bag,/mavros/setpoint_raw/local,control
carbonZ_2018-10-05-15-55-10.bag,/mavros/setpoint_raw/target_global,control
carbonZ_2018-10-05-15-55-10.bag,/mavros/state,system
carbonZ_2018-10-05-15-55-10.bag,/mavros/time_reference,system
carbonZ_2018-10-05-15-55-10.bag,/mavros/vfr_hud,energy
carbonZ_2018-10-05-15-55-10.bag,/mavros/wind_estimation,flight_state
carbonZ_2018-10-05-15-55-10.bag,/rosout,system
carbonZ_2018-10-05-15-55-10.bag,/rosout_agg,system
carbonZ_2018-10-05-15-55-10.bag,/sysid/airspeed/data,flight_state
carbonZ_2018-10-05-15-55-10.bag,/sysid/pitch/data,flight_state
carbonZ_2018-10-05-15-55-10.bag,/sysid/roll/data,flight_state
carbonZ_2018-10-05-15-55-10.bag,/tf_static,system
carbonZ_2018-10-05-16-04-46.bag,/diagnostics,system
carbonZ_2018-10-05-16-04-46.bag,/emergency_responder/traj_file,system
carbonZ_2018-10-05-16-04-46.bag,/failure_status/aileron,label
carbonZ_2018-10-05-16-04-46.bag,/failure_status/elevator,label
carbonZ_2018-10-05-16-04-46.bag,/failure_status/engines,label
carbonZ_2018-10-05-16-04-46.bag,/failure_status/rudder,label
carbonZ_2018-10-05-16-04-46.bag,/mavctrl/path_dev,control
carbonZ_2018-10-05-16-04-46.bag,/mavctrl/rpy,control
carbonZ_2018-10-05-16-04-46.bag,/mavlink/from,system
carbonZ_2018-10-05-16-04-46.bag,/mavros/battery,energy
carbonZ_2018-10-05-16-04-46.bag,/mavros/global_position/compass_hdg,navigation
carbonZ_2018-10-05-16-04-46.bag,/mavros/global_position/global,navigation
carbonZ_2018-10-05-16-04-46.bag,/mavros/global_position/local,navigation
carbonZ_2018-10-05-16-04-46.bag,/mavros/global_position/raw/fix,navigation
carbonZ_2018-10-05-16-04-46.bag,/mavros/global_position/raw/gps_vel,navigation
carbonZ_2018-10-05-16-04-46.bag,/mavros/global_position/rel_alt,navigation
carbonZ_2018-10-05-16-04-46.bag,/mavros/home_position/home,navigation
carbonZ_2018-10-05-16-04-46.bag,/mavros/imu/atm_pressure,flight_state
carbonZ_2018-10-05-16-04-46.bag,/mavros/imu/data,flight_state
carbonZ_2018-10-05-16-04-46.bag,/mavros/imu/data_raw,flight_state
carbonZ_2018-10-05-16-04-46.bag,/mavros/imu/mag,flight_state
carbonZ_2018-10-05-16-04-46.bag,/mavros/imu/temperature,flight_state
carbonZ_2018-10-05-16-04-46.bag,/mavros/local_position/odom,flight_state
carbonZ_2018-10-05-16-04-46.bag,/mavros/local_position/pose,flight_state
carbonZ_2018-10-05-16-04-46.bag,/mavros/local_position/velocity,flight_state
carbonZ_2018-10-05-16-04-46.bag,/mavros/mission/reached,system
carbonZ_2018-10-05-16-04-46.bag,/mavros/mission/waypoints,system
carbonZ_2018-10-05-16-04-46.bag,/mavros/nav_info/airspeed,flight_state
carbonZ_2018-10-05-16-04-46.bag,/mavros/nav_info/errors,unknown
carbonZ_2018-10-05-16-04-46.bag,/mavros/nav_info/pitch,flight_state
carbonZ_2018-10-05-16-04-46.bag,/mavros/nav_info/roll,flight_state
carbonZ_2018-10-05-16-04-46.bag,/mavros/nav_info/velocity,flight_state
carbonZ_2018-10-05-16-04-46.bag,/mavros/nav_info/yaw,flight_state
carbonZ_2018-10-05-16-04-46.bag,/mavros/rc/in,control
carbonZ_2018-10-05-16-04-46.bag,/mavros/rc/out,control
carbonZ_2018-10-05-16-04-46.bag,/mavros/setpoint_raw/local,control
carbonZ_2018-10-05-16-04-46.bag,/mavros/setpoint_raw/target_global,control
carbonZ_2018-10-05-16-04-46.bag,/mavros/state,system
carbonZ_2018-10-05-16-04-46.bag,/mavros/time_reference,system
carbonZ_2018-10-05-16-04-46.bag,/mavros/vfr_hud,energy
carbonZ_2018-10-05-16-04-46.bag,/mavros/wind_estimation,flight_state
carbonZ_2018-10-05-16-04-46.bag,/rosout,system
carbonZ_2018-10-05-16-04-46.bag,/rosout_agg,system
carbonZ_2018-10-05-16-04-46.bag,/sysid/airspeed/data,flight_state
carbonZ_2018-10-05-16-04-46.bag,/sysid/pitch/data,flight_state
carbonZ_2018-10-05-16-04-46.bag,/sysid/pitch/fault,flight_state
carbonZ_2018-10-05-16-04-46.bag,/sysid/roll/data,flight_state
carbonZ_2018-10-05-16-04-46.bag,/sysid/roll/fault,flight_state
carbonZ_2018-10-05-16-04-46.bag,/tf_static,system
carbonZ_2018-10-18-11-03-57.bag,/diagnostics,system
carbonZ_2018-10-18-11-03-57.bag,/emergency_responder/traj_file,system
carbonZ_2018-10-18-11-03-57.bag,/failure_status/aileron,label
carbonZ_2018-10-18-11-03-57.bag,/failure_status/elevator,label
carbonZ_2018-10-18-11-03-57.bag,/failure_status/engines,label
carbonZ_2018-10-18-11-03-57.bag,/failure_status/rudder,label
carbonZ_2018-10-18-11-03-57.bag,/mavctrl/path_dev,control
carbonZ_2018-10-18-11-03-57.bag,/mavctrl/rpy,control
carbonZ_2018-10-18-11-03-57.bag,/mavlink/from,system
carbonZ_2018-10-18-11-03-57.bag,/mavros/battery,energy
carbonZ_2018-10-18-11-03-57.bag,/mavros/global_position/compass_hdg,navigation
carbonZ_2018-10-18-11-03-57.bag,/mavros/global_position/global,navigation
carbonZ_2018-10-18-11-03-57.bag,/mavros/global_position/local,navigation
carbonZ_2018-10-18-11-03-57.bag,/mavros/global_position/raw/fix,navigation
carbonZ_2018-10-18-11-03-57.bag,/mavros/global_position/raw/gps_vel,navigation
carbonZ_2018-10-18-11-03-57.bag,/mavros/global_position/rel_alt,navigation
carbonZ_2018-10-18-11-03-57.bag,/mavros/home_position/home,navigation
carbonZ_2018-10-18-11-03-57.bag,/mavros/imu/atm_pressure,flight_state
carbonZ_2018-10-18-11-03-57.bag,/mavros/imu/data,flight_state
carbonZ_2018-10-18-11-03-57.bag,/mavros/imu/data_raw,flight_state
carbonZ_2018-10-18-11-03-57.bag,/mavros/imu/mag,flight_state
carbonZ_2018-10-18-11-03-57.bag,/mavros/imu/temperature,flight_state
carbonZ_2018-10-18-11-03-57.bag,/mavros/local_position/odom,flight_state
carbonZ_2018-10-18-11-03-57.bag,/mavros/local_position/pose,flight_state
carbonZ_2018-10-18-11-03-57.bag,/mavros/local_position/velocity,flight_state
carbonZ_2018-10-18-11-03-57.bag,/mavros/mission/reached,system
carbonZ_2018-10-18-11-03-57.bag,/mavros/mission/waypoints,system
carbonZ_2018-10-18-11-03-57.bag,/mavros/nav_info/airspeed,flight_state
carbonZ_2018-10-18-11-03-57.bag,/mavros/nav_info/errors,unknown
carbonZ_2018-10-18-11-03-57.bag,/mavros/nav_info/pitch,flight_state
carbonZ_2018-10-18-11-03-57.bag,/mavros/nav_info/roll,flight_state
carbonZ_2018-10-18-11-03-57.bag,/mavros/nav_info/velocity,flight_state
carbonZ_2018-10-18-11-03-57.bag,/mavros/nav_info/yaw,flight_state
carbonZ_2018-10-18-11-03-57.bag,/mavros/rc/in,control
carbonZ_2018-10-18-11-03-57.bag,/mavros/rc/out,control
carbonZ_2018-10-18-11-03-57.bag,/mavros/setpoint_raw/local,control
carbonZ_2018-10-18-11-03-57.bag,/mavros/setpoint_raw/target_global,control
carbonZ_2018-10-18-11-03-57.bag,/mavros/state,system
carbonZ_2018-10-18-11-03-57.bag,/mavros/time_reference,system
carbonZ_2018-10-18-11-03-57.bag,/mavros/vfr_hud,energy
carbonZ_2018-10-18-11-03-57.bag,/mavros/wind_estimation,flight_state
carbonZ_2018-10-18-11-03-57.bag,/rosout,system
carbonZ_2018-10-18-11-03-57.bag,/rosout_agg,system
carbonZ_2018-10-18-11-03-57.bag,/sysid/airspeed/data,flight_state
carbonZ_2018-10-18-11-03-57.bag,/sysid/pitch/data,flight_state
carbonZ_2018-10-18-11-03-57.bag,/sysid/roll/data,flight_state
carbonZ_2018-10-18-11-03-57.bag,/tf_static,system
carbonZ_2018-10-18-11-04-00.bag,/diagnostics,system
carbonZ_2018-10-18-11-04-00.bag,/emergency_responder/traj_file,system
carbonZ_2018-10-18-11-04-00.bag,/failure_status/aileron,label
carbonZ_2018-10-18-11-04-00.bag,/failure_status/elevator,label
carbonZ_2018-10-18-11-04-00.bag,/failure_status/engines,label
carbonZ_2018-10-18-11-04-00.bag,/failure_status/rudder,label
carbonZ_2018-10-18-11-04-00.bag,/mavctrl/path_dev,control
carbonZ_2018-10-18-11-04-00.bag,/mavctrl/rpy,control
carbonZ_2018-10-18-11-04-00.bag,/mavlink/from,system
carbonZ_2018-10-18-11-04-00.bag,/mavros/battery,energy
carbonZ_2018-10-18-11-04-00.bag,/mavros/global_position/compass_hdg,navigation
carbonZ_2018-10-18-11-04-00.bag,/mavros/global_position/global,navigation
carbonZ_2018-10-18-11-04-00.bag,/mavros/global_position/local,navigation
carbonZ_2018-10-18-11-04-00.bag,/mavros/global_position/raw/fix,navigation
carbonZ_2018-10-18-11-04-00.bag,/mavros/global_position/raw/gps_vel,navigation
carbonZ_2018-10-18-11-04-00.bag,/mavros/global_position/rel_alt,navigation
carbonZ_2018-10-18-11-04-00.bag,/mavros/home_position/home,navigation
carbonZ_2018-10-18-11-04-00.bag,/mavros/imu/atm_pressure,flight_state
carbonZ_2018-10-18-11-04-00.bag,/mavros/imu/data,flight_state
carbonZ_2018-10-18-11-04-00.bag,/mavros/imu/data_raw,flight_state
carbonZ_2018-10-18-11-04-00.bag,/mavros/imu/mag,flight_state
carbonZ_2018-10-18-11-04-00.bag,/mavros/imu/temperature,flight_state
carbonZ_2018-10-18-11-04-00.bag,/mavros/local_position/odom,flight_state
carbonZ_2018-10-18-11-04-00.bag,/mavros/local_position/pose,flight_state
carbonZ_2018-10-18-11-04-00.bag,/mavros/local_position/velocity,flight_state
carbonZ_2018-10-18-11-04-00.bag,/mavros/mission/reached,system
carbonZ_2018-10-18-11-04-00.bag,/mavros/mission/waypoints,system
carbonZ_2018-10-18-11-04-00.bag,/mavros/nav_info/airspeed,flight_state
carbonZ_2018-10-18-11-04-00.bag,/mavros/nav_info/errors,unknown
carbonZ_2018-10-18-11-04-00.bag,/mavros/nav_info/pitch,flight_state
carbonZ_2018-10-18-11-04-00.bag,/mavros/nav_info/roll,flight_state
carbonZ_2018-10-18-11-04-00.bag,/mavros/nav_info/velocity,flight_state
carbonZ_2018-10-18-11-04-00.bag,/mavros/nav_info/yaw,flight_state
carbonZ_2018-10-18-11-04-00.bag,/mavros/rc/in,control
carbonZ_2018-10-18-11-04-00.bag,/mavros/rc/out,control
carbonZ_2018-10-18-11-04-00.bag,/mavros/setpoint_raw/local,control
carbonZ_2018-10-18-11-04-00.bag,/mavros/setpoint_raw/target_global,control
carbonZ_2018-10-18-11-04-00.bag,/mavros/state,system
carbonZ_2018-10-18-11-04-00.bag,/mavros/time_reference,system
carbonZ_2018-10-18-11-04-00.bag,/mavros/vfr_hud,energy
carbonZ_2018-10-18-11-04-00.bag,/mavros/wind_estimation,flight_state
carbonZ_2018-10-18-11-04-00.bag,/rosout,system
carbonZ_2018-10-18-11-04-00.bag,/rosout_agg,system
carbonZ_2018-10-18-11-04-00.bag,/sysid/airspeed/data,flight_state
carbonZ_2018-10-18-11-04-00.bag,/sysid/pitch/data,flight_state
carbonZ_2018-10-18-11-04-00.bag,/sysid/pitch/fault,flight_state
carbonZ_2018-10-18-11-04-00.bag,/sysid/roll/data,flight_state
carbonZ_2018-10-18-11-04-00.bag,/tf_static,system
carbonZ_2018-10-18-11-04-08.bag,/diagnostics,system
carbonZ_2018-10-18-11-04-08.bag,/emergency_responder/traj_file,system
carbonZ_2018-10-18-11-04-08.bag,/failure_status/aileron,label
carbonZ_2018-10-18-11-04-08.bag,/failure_status/elevator,label
carbonZ_2018-10-18-11-04-08.bag,/failure_status/engines,label
carbonZ_2018-10-18-11-04-08.bag,/failure_status/rudder,label
carbonZ_2018-10-18-11-04-08.bag,/mavctrl/path_dev,control
carbonZ_2018-10-18-11-04-08.bag,/mavctrl/rpy,control
carbonZ_2018-10-18-11-04-08.bag,/mavlink/from,system
carbonZ_2018-10-18-11-04-08.bag,/mavros/battery,energy
carbonZ_2018-10-18-11-04-08.bag,/mavros/global_position/compass_hdg,navigation
carbonZ_2018-10-18-11-04-08.bag,/mavros/global_position/global,navigation
carbonZ_2018-10-18-11-04-08.bag,/mavros/global_position/local,navigation
carbonZ_2018-10-18-11-04-08.bag,/mavros/global_position/raw/fix,navigation
carbonZ_2018-10-18-11-04-08.bag,/mavros/global_position/raw/gps_vel,navigation
carbonZ_2018-10-18-11-04-08.bag,/mavros/global_position/rel_alt,navigation
carbonZ_2018-10-18-11-04-08.bag,/mavros/home_position/home,navigation
carbonZ_2018-10-18-11-04-08.bag,/mavros/imu/atm_pressure,flight_state
carbonZ_2018-10-18-11-04-08.bag,/mavros/imu/data,flight_state
carbonZ_2018-10-18-11-04-08.bag,/mavros/imu/data_raw,flight_state
carbonZ_2018-10-18-11-04-08.bag,/mavros/imu/mag,flight_state
carbonZ_2018-10-18-11-04-08.bag,/mavros/imu/temperature,flight_state
carbonZ_2018-10-18-11-04-08.bag,/mavros/local_position/odom,flight_state
carbonZ_2018-10-18-11-04-08.bag,/mavros/local_position/pose,flight_state
carbonZ_2018-10-18-11-04-08.bag,/mavros/local_position/velocity,flight_state
carbonZ_2018-10-18-11-04-08.bag,/mavros/mission/reached,system
carbonZ_2018-10-18-11-04-08.bag,/mavros/mission/waypoints,system
carbonZ_2018-10-18-11-04-08.bag,/mavros/nav_info/airspeed,flight_state
carbonZ_2018-10-18-11-04-08.bag,/mavros/nav_info/errors,unknown
carbonZ_2018-10-18-11-04-08.bag,/mavros/nav_info/pitch,flight_state
carbonZ_2018-10-18-11-04-08.bag,/mavros/nav_info/roll,flight_state
carbonZ_2018-10-18-11-04-08.bag,/mavros/nav_info/velocity,flight_state
carbonZ_2018-10-18-11-04-08.bag,/mavros/nav_info/yaw,flight_state
carbonZ_2018-10-18-11-04-08.bag,/mavros/rc/in,control
carbonZ_2018-10-18-11-04-08.bag,/mavros/rc/out,control
carbonZ_2018-10-18-11-04-08.bag,/mavros/setpoint_raw/local,control
carbonZ_2018-10-18-11-04-08.bag,/mavros/setpoint_raw/target_global,control
carbonZ_2018-10-18-11-04-08.bag,/mavros/state,system
carbonZ_2018-10-18-11-04-08.bag,/mavros/time_reference,system
carbonZ_2018-10-18-11-04-08.bag,/mavros/vfr_hud,energy
carbonZ_2018-10-18-11-04-08.bag,/mavros/wind_estimation,flight_state
carbonZ_2018-10-18-11-04-08.bag,/rosout,system
carbonZ_2018-10-18-11-04-08.bag,/rosout_agg,system
carbonZ_2018-10-18-11-04-08.bag,/sysid/airspeed/data,flight_state
carbonZ_2018-10-18-11-04-08.bag,/sysid/pitch/data,flight_state
carbonZ_2018-10-18-11-04-08.bag,/sysid/pitch/fault,flight_state
carbonZ_2018-10-18-11-04-08.bag,/sysid/roll/data,flight_state
carbonZ_2018-10-18-11-04-08.bag,/tf_static,system
carbonZ_2018-10-18-11-04-35.bag,/diagnostics,system
carbonZ_2018-10-18-11-04-35.bag,/emergency_responder/traj_file,system
carbonZ_2018-10-18-11-04-35.bag,/failure_status/aileron,label
carbonZ_2018-10-18-11-04-35.bag,/failure_status/elevator,label
carbonZ_2018-10-18-11-04-35.bag,/failure_status/engines,label
carbonZ_2018-10-18-11-04-35.bag,/failure_status/rudder,label
carbonZ_2018-10-18-11-04-35.bag,/mavctrl/path_dev,control
carbonZ_2018-10-18-11-04-35.bag,/mavctrl/rpy,control
carbonZ_2018-10-18-11-04-35.bag,/mavlink/from,system
carbonZ_2018-10-18-11-04-35.bag,/mavros/battery,energy
carbonZ_2018-10-18-11-04-35.bag,/mavros/global_position/compass_hdg,navigation
carbonZ_2018-10-18-11-04-35.bag,/mavros/global_position/global,navigation
carbonZ_2018-10-18-11-04-35.bag,/mavros/global_position/local,navigation
carbonZ_2018-10-18-11-04-35.bag,/mavros/global_position/raw/fix,navigation
carbonZ_2018-10-18-11-04-35.bag,/mavros/global_position/raw/gps_vel,navigation
carbonZ_2018-10-18-11-04-35.bag,/mavros/global_position/rel_alt,navigation
carbonZ_2018-10-18-11-04-35.bag,/mavros/home_position/home,navigation
carbonZ_2018-10-18-11-04-35.bag,/mavros/imu/atm_pressure,flight_state
carbonZ_2018-10-18-11-04-35.bag,/mavros/imu/data,flight_state
carbonZ_2018-10-18-11-04-35.bag,/mavros/imu/data_raw,flight_state
carbonZ_2018-10-18-11-04-35.bag,/mavros/imu/mag,flight_state
carbonZ_2018-10-18-11-04-35.bag,/mavros/imu/temperature,flight_state
carbonZ_2018-10-18-11-04-35.bag,/mavros/local_position/odom,flight_state
carbonZ_2018-10-18-11-04-35.bag,/mavros/local_position/pose,flight_state
carbonZ_2018-10-18-11-04-35.bag,/mavros/local_position/velocity,flight_state
carbonZ_2018-10-18-11-04-35.bag,/mavros/mission/reached,system
carbonZ_2018-10-18-11-04-35.bag,/mavros/mission/waypoints,system
carbonZ_2018-10-18-11-04-35.bag,/mavros/nav_info/airspeed,flight_state
carbonZ_2018-10-18-11-04-35.bag,/mavros/nav_info/errors,unknown
carbonZ_2018-10-18-11-04-35.bag,/mavros/nav_info/pitch,flight_state
carbonZ_2018-10-18-11-04-35.bag,/mavros/nav_info/roll,flight_state
carbonZ_2018-10-18-11-04-35.bag,/mavros/nav_info/velocity,flight_state
carbonZ_2018-10-18-11-04-35.bag,/mavros/nav_info/yaw,flight_state
carbonZ_2018-10-18-11-04-35.bag,/mavros/rc/in,control
carbonZ_2018-10-18-11-04-35.bag,/mavros/rc/out,control
carbonZ_2018-10-18-11-04-35.bag,/mavros/setpoint_raw/local,control
carbonZ_2018-10-18-11-04-35.bag,/mavros/setpoint_raw/target_global,control
carbonZ_2018-10-18-11-04-35.bag,/mavros/state,system
carbonZ_2018-10-18-11-04-35.bag,/mavros/time_reference,system
carbonZ_2018-10-18-11-04-35.bag,/mavros/vfr_hud,energy
carbonZ_2018-10-18-11-04-35.bag,/mavros/wind_estimation,flight_state
carbonZ_2018-10-18-11-04-35.bag,/rosout,system
carbonZ_2018-10-18-11-04-35.bag,/rosout_agg,system
carbonZ_2018-10-18-11-04-35.bag,/sysid/airspeed/data,flight_state
carbonZ_2018-10-18-11-04-35.bag,/sysid/pitch/data,flight_state
carbonZ_2018-10-18-11-04-35.bag,/sysid/roll/data,flight_state
carbonZ_2018-10-18-11-04-35.bag,/tf_static,system
carbonZ_2018-10-18-11-06-06.bag,/diagnostics,system
carbonZ_2018-10-18-11-06-06.bag,/emergency_responder/traj_file,system
carbonZ_2018-10-18-11-06-06.bag,/failure_status/aileron,label
carbonZ_2018-10-18-11-06-06.bag,/failure_status/elevator,label
carbonZ_2018-10-18-11-06-06.bag,/failure_status/engines,label
carbonZ_2018-10-18-11-06-06.bag,/failure_status/rudder,label
carbonZ_2018-10-18-11-06-06.bag,/mavctrl/path_dev,control
carbonZ_2018-10-18-11-06-06.bag,/mavctrl/rpy,control
carbonZ_2018-10-18-11-06-06.bag,/mavlink/from,system
carbonZ_2018-10-18-11-06-06.bag,/mavros/battery,energy
carbonZ_2018-10-18-11-06-06.bag,/mavros/global_position/compass_hdg,navigation
carbonZ_2018-10-18-11-06-06.bag,/mavros/global_position/global,navigation
carbonZ_2018-10-18-11-06-06.bag,/mavros/global_position/local,navigation
carbonZ_2018-10-18-11-06-06.bag,/mavros/global_position/raw/fix,navigation
carbonZ_2018-10-18-11-06-06.bag,/mavros/global_position/raw/gps_vel,navigation
carbonZ_2018-10-18-11-06-06.bag,/mavros/global_position/rel_alt,navigation
carbonZ_2018-10-18-11-06-06.bag,/mavros/home_position/home,navigation
carbonZ_2018-10-18-11-06-06.bag,/mavros/imu/atm_pressure,flight_state
carbonZ_2018-10-18-11-06-06.bag,/mavros/imu/data,flight_state
carbonZ_2018-10-18-11-06-06.bag,/mavros/imu/data_raw,flight_state
carbonZ_2018-10-18-11-06-06.bag,/mavros/imu/mag,flight_state
carbonZ_2018-10-18-11-06-06.bag,/mavros/imu/temperature,flight_state
carbonZ_2018-10-18-11-06-06.bag,/mavros/local_position/odom,flight_state
carbonZ_2018-10-18-11-06-06.bag,/mavros/local_position/pose,flight_state
carbonZ_2018-10-18-11-06-06.bag,/mavros/local_position/velocity,flight_state
carbonZ_2018-10-18-11-06-06.bag,/mavros/mission/reached,system
carbonZ_2018-10-18-11-06-06.bag,/mavros/mission/waypoints,system
carbonZ_2018-10-18-11-06-06.bag,/mavros/nav_info/airspeed,flight_state
carbonZ_2018-10-18-11-06-06.bag,/mavros/nav_info/errors,unknown
carbonZ_2018-10-18-11-06-06.bag,/mavros/nav_info/pitch,flight_state
carbonZ_2018-10-18-11-06-06.bag,/mavros/nav_info/roll,flight_state
carbonZ_2018-10-18-11-06-06.bag,/mavros/nav_info/velocity,flight_state
carbonZ_2018-10-18-11-06-06.bag,/mavros/nav_info/yaw,flight_state
carbonZ_2018-10-18-11-06-06.bag,/mavros/rc/in,control
carbonZ_2018-10-18-11-06-06.bag,/mavros/rc/out,control
carbonZ_2018-10-18-11-06-06.bag,/mavros/setpoint_raw/local,control
carbonZ_2018-10-18-11-06-06.bag,/mavros/setpoint_raw/target_global,control
carbonZ_2018-10-18-11-06-06.bag,/mavros/state,system
carbonZ_2018-10-18-11-06-06.bag,/mavros/time_reference,system
carbonZ_2018-10-18-11-06-06.bag,/mavros/vfr_hud,energy
carbonZ_2018-10-18-11-06-06.bag,/mavros/wind_estimation,flight_state
carbonZ_2018-10-18-11-06-06.bag,/rosout,system
carbonZ_2018-10-18-11-06-06.bag,/rosout_agg,system
carbonZ_2018-10-18-11-06-06.bag,/sysid/airspeed/data,flight_state
carbonZ_2018-10-18-11-06-06.bag,/sysid/pitch/data,flight_state
carbonZ_2018-10-18-11-06-06.bag,/sysid/pitch/fault,flight_state
carbonZ_2018-10-18-11-06-06.bag,/sysid/roll/data,flight_state
carbonZ_2018-10-18-11-06-06.bag,/tf_static,system
carbonZ_2018-10-18-11-06-47.bag,/diagnostics,system
carbonZ_2018-10-18-11-06-47.bag,/failure_status/aileron,label
carbonZ_2018-10-18-11-06-47.bag,/failure_status/elevator,label
carbonZ_2018-10-18-11-06-47.bag,/failure_status/engines,label
carbonZ_2018-10-18-11-06-47.bag,/failure_status/rudder,label
carbonZ_2018-10-18-11-06-47.bag,/mavctrl/path_dev,control
carbonZ_2018-10-18-11-06-47.bag,/mavctrl/rpy,control
carbonZ_2018-10-18-11-06-47.bag,/mavros/state,system
carbonZ_2018-10-18-11-06-47.bag,/rosout,system
carbonZ_2018-10-18-11-06-47.bag,/rosout_agg,system
carbonZ_2018-10-18-11-06-47.bag,/tf_static,system
carbonZ_2018-10-18-11-08-24.bag,/diagnostics,system
carbonZ_2018-10-18-11-08-24.bag,/failure_status/aileron,label
carbonZ_2018-10-18-11-08-24.bag,/failure_status/elevator,label
carbonZ_2018-10-18-11-08-24.bag,/failure_status/engines,label
carbonZ_2018-10-18-11-08-24.bag,/failure_status/rudder,label
carbonZ_2018-10-18-11-08-24.bag,/mavctrl/path_dev,control
carbonZ_2018-10-18-11-08-24.bag,/mavctrl/rpy,control
carbonZ_2018-10-18-11-08-24.bag,/mavlink/from,system
carbonZ_2018-10-18-11-08-24.bag,/mavros/battery,energy
carbonZ_2018-10-18-11-08-24.bag,/mavros/global_position/compass_hdg,navigation
carbonZ_2018-10-18-11-08-24.bag,/mavros/global_position/global,navigation
carbonZ_2018-10-18-11-08-24.bag,/mavros/global_position/local,navigation
carbonZ_2018-10-18-11-08-24.bag,/mavros/global_position/raw/fix,navigation
carbonZ_2018-10-18-11-08-24.bag,/mavros/global_position/raw/gps_vel,navigation
carbonZ_2018-10-18-11-08-24.bag,/mavros/global_position/rel_alt,navigation
carbonZ_2018-10-18-11-08-24.bag,/mavros/home_position/home,navigation
carbonZ_2018-10-18-11-08-24.bag,/mavros/imu/atm_pressure,flight_state
carbonZ_2018-10-18-11-08-24.bag,/mavros/imu/data,flight_state
carbonZ_2018-10-18-11-08-24.bag,/mavros/imu/data_raw,flight_state
carbonZ_2018-10-18-11-08-24.bag,/mavros/imu/mag,flight_state
carbonZ_2018-10-18-11-08-24.bag,/mavros/imu/temperature,flight_state
carbonZ_2018-10-18-11-08-24.bag,/mavros/local_position/odom,flight_state
carbonZ_2018-10-18-11-08-24.bag,/mavros/local_position/pose,flight_state
carbonZ_2018-10-18-11-08-24.bag,/mavros/local_position/velocity,flight_state
carbonZ_2018-10-18-11-08-24.bag,/mavros/mission/reached,system
carbonZ_2018-10-18-11-08-24.bag,/mavros/mission/waypoints,system
carbonZ_2018-10-18-11-08-24.bag,/mavros/nav_info/airspeed,flight_state
carbonZ_2018-10-18-11-08-24.bag,/mavros/nav_info/errors,unknown
carbonZ_2018-10-18-11-08-24.bag,/mavros/nav_info/pitch,flight_state
carbonZ_2018-10-18-11-08-24.bag,/mavros/nav_info/roll,flight_state
carbonZ_2018-10-18-11-08-24.bag,/mavros/nav_info/velocity,flight_state
carbonZ_2018-10-18-11-08-24.bag,/mavros/nav_info/yaw,flight_state
carbonZ_2018-10-18-11-08-24.bag,/mavros/rc/in,control
carbonZ_2018-10-18-11-08-24.bag,/mavros/rc/out,control
carbonZ_2018-10-18-11-08-24.bag,/mavros/setpoint_raw/local,control
carbonZ_2018-10-18-11-08-24.bag,/mavros/setpoint_raw/target_global,control
carbonZ_2018-10-18-11-08-24.bag,/mavros/state,system
carbonZ_2018-10-18-11-08-24.bag,/mavros/time_reference,system
carbonZ_2018-10-18-11-08-24.bag,/mavros/vfr_hud,energy
carbonZ_2018-10-18-11-08-24.bag,/mavros/wind_estimation,flight_state
carbonZ_2018-10-18-11-08-24.bag,/rosout,system
carbonZ_2018-10-18-11-08-24.bag,/rosout_agg,system
carbonZ_2018-10-18-11-08-24.bag,/sysid/airspeed/data,flight_state
carbonZ_2018-10-18-11-08-24.bag,/sysid/pitch/data,flight_state
carbonZ_2018-10-18-11-08-24.bag,/sysid/roll/data,flight_state
carbonZ_2018-10-18-11-08-24.bag,/tf_static,system
